0.6293443739414215,0.036529362201690674,-3.153783082962036,0.0010000000474974513,0.5208131074905396,-0.0009033953538164496,0.0,0.0195453,0.0195452,0.0195452
0.22696158289909363,0.3461725115776062,0.6787567138671875,0.0010000000474974513,0.834789514541626,0.0004368209920357913,0.0,0.0195453,0.0195452,0.0195452
0.46756213530898094,0.45249686390161514,1.8723223209381104,0.0010835364228114486,0.8777671456336975,0.000858074112329632,0.0,0.0195453,0.0195452,0.0195452
0.0050446391105651855,0.5002553793310653,0.924072265625,0.019999999552965164,0.8330237865447998,-0.0025013883132487535,0.0,0.0195453,0.0195452,0.0195452
0.46885038912296295,0.4621952250599861,-3.287304162979126,0.0031948762480169535,0.44251522421836853,0.0023089940659701824,0.0,0.0195453,0.0195452,0.0195452
0.8259710073471069,0.6599795520305634,2.4982309341430664,0.0167862456291914,0.5240226984024048,0.006623498629778624,-0.0,0.0195453,0.0195452,0.0195452
0.722135916352272,0.419598288834095,1.7944501638412476,0.0050200121477246284,0.20304903388023376,-0.002028441522270441,0.0,0.0195453,0.0195452,0.0195452
0.7727775573730469,0.9702972769737244,-2.4437239170074463,0.0103691341355443,0.09517049789428711,0.0007090667495504022,-0.0,0.0195453,0.0195452,0.0195452
0.16728779673576355,0.706325426697731,2.58642578125,0.009103186428546906,0.9642557501792908,-0.0009896825067698956,0.0,0.0195453,0.0195452,0.0195452
0.9998536109924316,0.9039241969585419,2.9967546463012695,0.0012208177940919995,1.0,-0.0007626924780197442,-0.0,0.0195453,0.0195452,0.0195452
0.3779822438955307,0.7370825409889221,-2.58351731300354,0.0010000000474974513,0.13892365992069244,-0.0010000000474974513,-0.0,0.0195453,0.0195452,0.0195452
0.8904869854450226,0.9813708662986755,1.8608503341674805,0.007341430522501469,0.8025931119918823,0.004106305539608002,-0.0,0.0195453,0.0195452,0.0195452
0.48166522942483425,0.7342691272497177,-2.568103075027466,0.015128755010664463,0.39653173089027405,-0.006662487983703613,0.0,0.0195453,0.0195452,0.0195452
0.7249885648488998,0.1384260356426239,0.6665396094322205,0.002065504901111126,0.31771591305732727,-0.0020050546154379845,0.0,0.0195453,0.0195452,0.0195452
0.7868390381336212,0.7312206625938416,0.9754858016967773,0.0010000000474974513,0.9827285408973694,-0.0010000000474974513,-0.0,0.0195453,0.0195452,0.0195452
0.519667387008667,0.19584709405899048,0.47761479020118713,0.0013662446290254593,0.15916872024536133,0.0011710349936038256,-0.0,0.0195453,0.0195452,0.0195452
0.13242828845977783,0.824635922908783,-2.547196865081787,0.0014472503680735826,0.8992077112197876,0.0007944860262796283,-0.0,0.0195453,0.0195452,0.0195452
0.37825678288936615,0.1696172058582306,0.8184880018234253,0.0026848744601011276,0.07554897665977478,-0.0005005739512853324,0.0,0.0195453,0.0195452,0.0195452
0.8017265200614929,0.4022030681371689,1.0936150550842285,0.001864507794380188,0.2636636197566986,-0.0008808571146801114,0.0,0.0195453,0.0195452,0.0195452
0.39768899232149124,0.7338486909866333,3.007902145385742,0.009772319346666336,0.4903586506843567,0.00491050910204649,0.0,0.0195453,0.0195452,0.0195452
0.8530419170856476,0.20052096247673035,-0.7123095393180847,0.019999999552965164,0.4264538586139679,0.008055509999394417,0.0,0.0195453,0.0195452,0.0195452
0.17750748991966248,0.016474545001983643,2.238863229751587,0.01688799075782299,0.350766122341156,-0.007597215939313173,0.0,0.0195453,0.0195452,0.0195452
0.7946605384349823,0.04225704073905945,-1.814576268196106,0.0010000000474974513,0.1716882437467575,6.453998503275216e-05,-0.0,0.0195453,0.0195452,0.0195452
0.6117076873779297,0.8771001398563385,0.540544331073761,0.0020239988807588816,0.170163094997406,0.0003806733584497124,-0.0,0.0195453,0.0195452,0.0195452
0.41581151634454727,0.16463592648506165,-2.3248355388641357,0.001659377128817141,0.2500409781932831,-0.00018474625539965928,0.0,0.0195453,0.0195452,0.0195452
0.9013078212738037,0.06479761004447937,0.3154931962490082,0.008598150685429573,0.39008066058158875,0.008169475011527538,0.0,0.0195453,0.0195452,0.0195452
0.47112446650862694,0.46341516822576523,2.582454204559326,0.0019578756764531136,0.6465111970901489,0.0019578756764531136,-0.0,0.0195453,0.0195452,0.0195452
0.12725457549095154,0.06658798456192017,0.734062135219574,0.013563910499215126,0.698994517326355,-0.002808663761243224,-0.0,0.0195453,0.0195452,0.0195452
0.6608108878135681,0.7775654792785645,0.18278084695339203,0.004681572783738375,0.7116037607192993,0.00047512041055597365,0.0,0.0195453,0.0195452,0.0195452
0.8208150267601013,0.8008356690406799,-1.42777681350708,0.0010000000474974513,0.7022095322608948,-0.0010000000474974513,-0.0,0.0195453,0.0195452,0.0195452
0.25120681524276733,0.9676975309848785,2.400009870529175,0.00720626674592495,0.9112873077392578,0.0009137582965195179,0.0,0.0195453,0.0195452,0.0195452
0.6125375032424927,0.3955109193921089,0.2352861911058426,0.0010000000474974513,1.0,-0.000298769649816677,-0.0,0.0195453,0.0195452,0.0195452
0.8809936046600342,0.7444933354854584,1.8375967741012573,0.0019070713315159082,0.6714370250701904,-0.0001004171499516815,0.0,0.0195453,0.0195452,0.0195452
0.7807532846927643,0.5439613424241543,-2.917104721069336,0.0029323939234018326,0.09136747568845749,-0.002494681626558304,-0.0,0.0195453,0.0195452,0.0195452
0.18574440479278564,0.5752584561705589,-0.6380237936973572,0.0010000000474974513,0.8046337962150574,0.0010000000474974513,0.0,0.0195453,0.0195452,0.0195452
0.1300658881664276,0.4230894446372986,0.6422836184501648,0.0010000000474974513,0.7176232933998108,-0.0010000000474974513,-0.0,0.0195453,0.0195452,0.0195452
0.7292622923851013,0.73215351998806,-2.510044574737549,0.00815073773264885,0.09001417458057404,2.5099065169342794e-05,0.0,0.0195453,0.0195452,0.0195452
0.24041733145713806,0.07679420709609985,1.6574724912643433,0.005884233396500349,0.16759878396987915,0.003121231449767947,-0.0,0.0195453,0.0195452,0.0195452
0.03866952657699585,0.4267204627394676,-1.5518509149551392,0.013786250725388527,0.47406062483787537,0.0020704425405710936,0.0,0.0195453,0.0195452,0.0195452
0.9631573557853699,0.671553373336792,1.901747226715088,0.011302581988275051,0.35271963477134705,0.004652996547520161,0.0,0.0195453,0.0195452,0.0195452
0.2586551308631897,0.22084534168243408,0.8222752809524536,0.007571609225124121,0.47959235310554504,-0.005249081179499626,0.0,0.0195453,0.0195452,0.0195452
0.43917258456349373,0.4422641508281231,-2.897038459777832,0.0022301236167550087,0.2542603611946106,0.0005749671836383641,0.0,0.0195453,0.0195452,0.0195452
0.7567238211631775,0.12042936682701111,-1.0847302675247192,0.003340459894388914,0.7492300868034363,0.003340459894388914,-0.0,0.0195453,0.0195452,0.0195452
0.8687494993209839,0.42918337136507034,2.4212558269500732,0.0014951539924368262,0.07911282777786255,-0.0005399280926212668,0.0,0.0195453,0.0195452,0.0195452
0.09008058905601501,0.11747485399246216,-1.3081955909729004,0.005358350463211536,0.3577158749103546,0.0017197798006236553,0.0,0.0195453,0.0195452,0.0195452
0.31543585658073425,0.9979124069213867,-1.5591821670532227,0.004344408866018057,0.2370864301919937,0.0037895182613283396,0.0,0.0195453,0.0195452,0.0195452
0.4229871481657028,0.170421302318573,1.606755018234253,0.0031190793961286545,0.20882916450500488,-0.0031190793961286545,-0.0,0.0195453,0.0195452,0.0195452
0.9282205700874329,0.7288151532411575,-2.129706621170044,0.019329357892274857,0.8999925851821899,-0.0036822769325226545,-0.0,0.0195453,0.0195452,0.0195452
0.45760951563715935,0.9776839911937714,-2.4143245220184326,0.007927970960736275,0.0638125091791153,0.0025670379400253296,-0.0,0.0195453,0.0195452,0.0195452
0.178300678730011,0.029492318630218506,-2.6776814460754395,0.019999999552965164,0.22135968506336212,-0.008920947089791298,-0.0,0.0195453,0.0195452,0.0195452
0.011833757162094116,0.5069363471120596,1.5917935371398926,0.00770479766651988,0.48201557993888855,0.0007429404649883509,-0.0,0.0195453,0.0195452,0.0195452
0.8462078273296356,0.7185957878828049,-0.5563536882400513,0.01715746894478798,0.5640244483947754,0.008624211885035038,-0.0,0.0195453,0.0195452,0.0195452
1.0,0.024854928255081177,2.676865577697754,0.0010000000474974513,0.6256297826766968,-0.0010000000474974513,0.0,0.0195453,0.0195452,0.0195452
0.7726869881153107,0.2783947139978409,3.492471933364868,0.002079326193779707,0.7691614031791687,-0.00042967687477357686,-0.0,0.0195453,0.0195452,0.0195452
0.9424251317977905,0.6599572598934174,1.1314587593078613,0.0011036060750484467,0.8083139657974243,-0.0009189487318508327,-0.0,0.0195453,0.0195452,0.0195452
0.31383882462978363,0.46629683673381805,2.5055689811706543,0.007649945095181465,0.9410357475280762,0.005110083147883415,0.0,0.0195453,0.0195452,0.0195452
0.2330484688282013,0.0709681510925293,-2.4619648456573486,0.010504847392439842,0.6278976798057556,0.0018456019461154938,-0.0,0.0195453,0.0195452,0.0195452
0.14968988299369812,0.25103211402893066,1.5437427759170532,0.0028997957706451416,0.8600122332572937,-2.965977046187618e-06,-0.0,0.0195453,0.0195452,0.0195452
0.16085481643676758,0.09628227353096008,-0.17799001932144165,0.008049137890338898,0.4247864782810211,0.003352514933794737,-0.0,0.0195453,0.0195452,0.0195452
0.1577736735343933,0.7911356985569,1.689826250076294,0.001215871307067573,0.5315158367156982,-0.0006071584648452699,0.0,0.0195453,0.0195452,0.0195452
0.4920274820178747,0.9852519333362579,1.072022795677185,0.0036412300541996956,0.8616788387298584,-0.0036412300541996956,0.0,0.0195453,0.0195452,0.0195452
0.7825981378555298,0.6557026505470276,-2.5307936668395996,0.0010000000474974513,0.3034780025482178,-0.0010000000474974513,-0.0,0.0195453,0.0195452,0.0195452
0.24887734651565552,0.6975507885217667,-2.7322683334350586,0.002365785650908947,0.20368768274784088,0.001964406343176961,-0.0,0.0195453,0.0195452,0.0195452
0.4575064368546009,0.04492780566215515,2.374464273452759,0.013251077383756638,0.43273577094078064,-0.009999999776482582,0.0,0.0195453,0.0195452,0.0195452
0.024380981922149658,0.7629170417785645,1.9985160827636719,0.015470846556127071,0.5662001371383667,-0.009116177447140217,0.0,0.0195453,0.0195452,0.0195452
0.33690449595451355,0.7922048270702362,-1.2275978326797485,0.00881591159850359,0.47196292877197266,0.00124967226292938,-0.0,0.0195453,0.0195452,0.0195452
0.5293772350996733,0.6218377500772476,0.8096569776535034,0.003482774132862687,0.41697147488594055,-0.0013212686171755195,0.0,0.0195453,0.0195452,0.0195452
0.43680764734745026,0.4498414546251297,-0.023323960602283478,0.013617311604321003,0.21169625222682953,0.0041078380309045315,-0.0,0.0195453,0.0195452,0.0195452
0.2655985802412033,0.8683289885520935,-1.9206337928771973,0.0010000000474974513,0.19243785738945007,-0.0010000000474974513,0.0,0.0195453,0.0195452,0.0195452
0.9445338547229767,0.1017710268497467,-1.0981075763702393,0.019999999552965164,0.38099032640457153,0.00807253085076809,-0.0,0.0195453,0.0195452,0.0195452
0.08225786685943604,0.960211992263794,-0.9156160354614258,0.01950029470026493,0.33378124237060547,0.006468029692769051,0.0,0.0195453,0.0195452,0.0195452
0.8861146867275238,0.33459125459194183,-0.6784987449645996,0.002993254689499736,0.5044041872024536,-3.13667296722997e-05,-0.0,0.0195453,0.0195452,0.0195452
0.4069226235151291,0.16919240355491638,-2.2303457260131836,0.0010000000474974513,0.5749567747116089,-0.0010000000474974513,-0.0,0.0195453,0.0195452,0.0195452
0.10835909843444824,0.6751943528652191,1.9792107343673706,0.0010000000474974513,0.6068768501281738,-0.0010000000474974513,-0.0,0.0195453,0.0195452,0.0195452
0.4279593229293823,0.8947997987270355,0.48326432704925537,0.0010000000474974513,0.23147623240947723,-0.0010000000474974513,0.0,0.0195453,0.0195452,0.0195452
0.17458298802375793,0.09533756971359253,2.809999704360962,0.0014895086642354727,0.18067479133605957,-0.0014412591699510813,-0.0,0.0195453,0.0195452,0.0195452
0.2138301134109497,0.50384566700086,1.755975604057312,0.002853470155969262,0.18589742481708527,0.000901449064258486,0.0,0.0195453,0.0195452,0.0195452
0.011939406394958496,0.37199172377586365,0.7341268658638,0.002451548585668206,0.16370192170143127,-0.00019514461746439338,-0.0,0.0195453,0.0195452,0.0195452
0.0576019287109375,0.6326101571321487,2.4170029163360596,0.0055543784983456135,0.5257012844085693,0.002810671692714095,0.0,0.0195453,0.0195452,0.0195452
0.8310497999191284,0.4103299081325531,-1.0126569271087646,0.008944767527282238,0.3090594708919525,0.003568442305549979,-0.0,0.0195453,0.0195452,0.0195452
0.11012861132621765,0.8305335640907288,-0.5741217732429504,0.0010000000474974513,0.12370257824659348,-0.00026711291866376996,-0.0,0.0195453,0.0195452,0.0195452
0.09510359168052673,0.7776241898536682,-1.0104410648345947,0.0032941412646323442,0.5685424208641052,-0.002892740536481142,-0.0,0.0195453,0.0195452,0.0195452
0.9591343104839325,0.5278357341885567,-1.5848585367202759,0.019999999552965164,0.06131072714924812,-0.009999999776482582,0.0,0.0195453,0.0195452,0.0195452
0.2939145714044571,0.97130286693573,0.02715587243437767,0.010972075164318085,0.619855523109436,0.009999999776482582,-0.0,0.0195453,0.0195452,0.0195452
0.9754081666469574,0.6547486335039139,1.1605852842330933,0.019999999552965164,0.5416762232780457,-0.009221174754202366,0.0,0.0195453,0.0195452,0.0195452
0.0025509893894195557,0.7408224493265152,-2.320005178451538,0.006774673704057932,0.8455461859703064,-0.0019081111531704664,0.0,0.0195453,0.0195452,0.0195452
0.44000157713890076,0.09163805842399597,-0.3080073893070221,0.0012656408362090588,0.4471186697483063,0.0010408147936686873,-0.0,0.0195453,0.0195452,0.0195452
0.46369416266679764,0.17500615119934082,2.3330881595611572,0.006666612811386585,0.8220763802528381,-0.005187203176319599,0.0,0.0195453,0.0195452,0.0195452
0.7625660300254822,0.7331780642271042,-0.22758899629116058,0.0014815141912549734,0.9250630736351013,-0.0008492833585478365,-0.0,0.0195453,0.0195452,0.0195452
0.5383898615837097,0.6187054365873337,0.819114089012146,0.017430923879146576,0.4758121073246002,0.0028881193138659,0.0,0.0195453,0.0195452,0.0195452
0.7271457463502884,0.8411049246788025,-2.1756980419158936,0.0010000000474974513,0.9981080889701843,-0.0006944455089978874,0.0,0.0195453,0.0195452,0.0195452
0.43310774862766266,0.605613000690937,-2.5621702671051025,0.0010000000474974513,0.9008633494377136,0.0005832482129335403,0.0,0.0195453,0.0195452,0.0195452
0.7720690071582794,0.41339195519685745,2.225752115249634,0.01068691723048687,0.8834173083305359,-0.0014617160195484757,0.0,0.0195453,0.0195452,0.0195452
0.842242956161499,0.6342709809541702,2.9374241828918457,0.0010000000474974513,0.05000000074505806,-0.0005524653242900968,-0.0,0.0195453,0.0195452,0.0195452
0.24647048115730286,0.523498211055994,1.7934596538543701,0.0010000000474974513,0.466099351644516,-0.0009481754386797547,0.0,0.0195453,0.0195452,0.0195452
0.9210436046123505,0.46452559530735016,1.695410966873169,0.012075806967914104,0.9582961797714233,-0.0011773292208090425,0.0,0.0195453,0.0195452,0.0195452
0.3411797881126404,0.8071097731590271,-0.11654116213321686,0.0014660877641290426,0.12211742252111435,-0.0014660877641290426,-0.0,0.0195453,0.0195452,0.0195452
0.4276524484157562,0.33912189304828644,0.5395926833152771,0.0015117008006200194,0.2671622633934021,-0.000165952107636258,-0.0,0.0195453,0.0195452,0.0195452
0.5130367521196604,0.7298615723848343,-0.7988516092300415,0.019999999552965164,0.6876927018165588,-0.0032583465799689293,-0.0,0.0195453,0.0195452,0.0195452
0.8761804103851318,0.6561574190855026,0.41900309920310974,0.0010000000474974513,0.5052651166915894,-0.0010000000474974513,-0.0,0.0195453,0.0195452,0.0195452
0.6924747973680496,0.6806709915399551,1.3738149404525757,0.0027218025643378496,0.3875466585159302,-0.00027659672196023166,0.0,0.0195453,0.0195452,0.0195452
0.40518104285001755,0.0577833354473114,-0.1928882896900177,0.019999999552965164,0.30190902948379517,-0.001799898105673492,-0.0,0.0195453,0.0195452,0.0195452
0.008423179388046265,0.45317505672574043,-1.721697211265564,0.0010000000474974513,0.5410705208778381,0.0010000000474974513,-0.0,0.0195453,0.0195452,0.0195452
0.43053460866212845,0.3131101131439209,-2.471656084060669,0.018088774755597115,0.6485557556152344,0.0019217155640944839,0.0,0.0195453,0.0195452,0.0195452
0.6314955353736877,0.37227611243724823,-1.8178986310958862,0.0020230982918292284,0.4521951973438263,0.0005778626073151827,0.0,0.0195453,0.0195452,0.0195452
0.0322900116443634,0.6236899495124817,-2.0627598762512207,0.0038112648762762547,0.5461716651916504,-0.00023133563809096813,-0.0,0.0195453,0.0195452,0.0195452
0.5852016508579254,0.8953942954540253,-0.2235480397939682,0.004428782965987921,0.1295810490846634,-0.0034092802088707685,0.0,0.0195453,0.0195452,0.0195452
0.16441792249679565,0.018433332443237305,2.11423659324646,0.0019140377407893538,0.6232633590698242,5.30075776623562e-05,-0.0,0.0195453,0.0195452,0.0195452
0.7627532482147217,0.43701624125242233,0.4209817051887512,0.017047379165887833,0.28419622778892517,-0.0012001664144918323,-0.0,0.0195453,0.0195452,0.0195452
0.4158019423484802,0.018157660961151123,-0.7027713656425476,0.019999999552965164,0.32119184732437134,0.005708480719476938,0.0,0.0195453,0.0195452,0.0195452
0.3111710697412491,0.648043230175972,2.9527692794799805,0.0010000000474974513,0.32950958609580994,-0.0010000000474974513,-0.0,0.0195453,0.0195452,0.0195452
0.16127845644950867,0.8642134368419647,-2.3200137615203857,0.0010000000474974513,0.09218589961528778,0.0010000000474974513,-0.0,0.0195453,0.0195452,0.0195452
0.21547091007232666,0.7197906225919724,0.3108079433441162,0.019999999552965164,0.30967673659324646,0.009999999776482582,0.0,0.0195453,0.0195452,0.0195452
0.10788038372993469,0.11008259654045105,-0.21862046420574188,0.0010000000474974513,0.6370771527290344,0.0010000000474974513,0.0,0.0195453,0.0195452,0.0195452
0.5832599997520447,0.025811076164245605,-0.1841360181570053,0.013435859233140945,0.34928497672080994,0.0025399960577487946,0.0,0.0195453,0.0195452,0.0195452
0.8250656723976135,0.30228476226329803,-0.24523895978927612,0.019999999552965164,0.3294553756713867,0.001852211426012218,-0.0,0.0195453,0.0195452,0.0195452
0.5431591533124447,0.33569003641605377,-0.9797600507736206,0.015538198873400688,0.6024892330169678,0.0002898233651649207,0.0,0.0195453,0.0195452,0.0195452
0.04941466450691223,0.6735494434833527,-1.357155203819275,0.0010000000474974513,0.5688011646270752,0.0010000000474974513,0.0,0.0195453,0.0195452,0.0195452
0.5153828449547291,0.8666452765464783,-3.112135410308838,0.01855270192027092,0.3263978660106659,-0.004729911684989929,-0.0,0.0195453,0.0195452,0.0195452
0.2817973792552948,0.45649929344654083,2.5118954181671143,0.0010000000474974513,0.7970463633537292,-0.0007929744897410274,-0.0,0.0195453,0.0195452,0.0195452
0.03605860471725464,0.2015455961227417,3.5409531593322754,0.019999999552965164,0.5680354833602905,0.009999999776482582,0.0,0.0195453,0.0195452,0.0195452
0.7719578742980957,0.14597979187965393,0.6174444556236267,0.015501154586672783,0.4817454218864441,0.0002900416438933462,0.0,0.0195453,0.0195452,0.0195452
0.7676419317722321,0.43931353092193604,0.43988314270973206,0.007030706387013197,0.6703332662582397,0.00023329017858486623,0.0,0.0195453,0.0195452,0.0195452
0.33420130610466003,0.36700503528118134,2.3789587020874023,0.012126900255680084,0.36043477058410645,-0.009999999776482582,0.0,0.0195453,0.0195452,0.0195452
0.2841521203517914,0.5139997154474258,-0.32297778129577637,0.0085415318608284,0.9728752970695496,0.0085415318608284,-0.0,0.0195453,0.0195452,0.0195452
0.5673192739486694,0.1913890242576599,-2.733938455581665,0.002668742323294282,0.6573027968406677,-0.0017198611749336123,-0.0,0.0195453,0.0195452,0.0195452
0.02958819270133972,0.36447566747665405,-0.973601222038269,0.005560300778597593,0.6358562111854553,-0.002427072264254093,0.0,0.0195453,0.0195452,0.0195452
0.6943715214729309,0.2737277001142502,0.15352800488471985,0.0010000000474974513,0.2054743468761444,-0.00024398592358920723,0.0,0.0195453,0.0195452,0.0195452
0.8470882773399353,0.008906722068786621,-0.809775173664093,0.004333975724875927,0.5543097257614136,-0.0011341359931975603,0.0,0.0195453,0.0195452,0.0195452
0.003910154104232788,0.997025191783905,-3.194207191467285,0.019999999552965164,0.6924461722373962,-0.004476180765777826,0.0,0.0195453,0.0195452,0.0195452
0.14691290259361267,0.8339258134365082,0.26437896490097046,0.0012100482126697898,0.20969080924987793,0.0007126289419829845,-0.0,0.0195453,0.0195452,0.0195452
0.6291372776031494,0.24239301681518555,-0.6910990476608276,0.0025123883970081806,0.5272417068481445,-0.00012329047603998333,-0.0,0.0195453,0.0195452,0.0195452
0.077239990234375,0.1542654037475586,0.8901052474975586,0.009420529939234257,0.44013699889183044,0.00818817038089037,-0.0,0.0195453,0.0195452,0.0195452
0.8172335028648376,0.28348416090011597,-2.3670427799224854,0.00367305357940495,0.25439250469207764,0.0023667560890316963,0.0,0.0195453,0.0195452,0.0195452
0.47653066366910934,0.2990233898162842,-0.729328453540802,0.014166870154440403,0.721135675907135,0.00206272816285491,-0.0,0.0195453,0.0195452,0.0195452
0.6961355209350586,0.8927927017211914,-0.05126354843378067,0.007437576539814472,0.3787590563297272,-0.0007055081659927964,0.0,0.0195453,0.0195452,0.0195452
0.6177310943603516,0.5355319902300835,2.617943048477173,0.00530666159465909,0.8650261163711548,0.0005090264603495598,0.0,0.0195453,0.0195452,0.0195452
0.40520620346069336,0.4666808359324932,1.1246706247329712,0.0019565257243812084,0.4925459027290344,0.0016337345587089658,0.0,0.0195453,0.0195452,0.0195452
0.7395600974559784,0.014223337173461914,-0.38262826204299927,0.007299956399947405,0.49757540225982666,0.0028190140146762133,-0.0,0.0195453,0.0195452,0.0195452
0.1950196921825409,0.8034072816371918,-3.2434897422790527,0.0010000000474974513,0.5705639719963074,-0.0010000000474974513,0.0,0.0195453,0.0195452,0.0195452
0.46498243138194084,0.16507747769355774,-0.5715680122375488,0.0026461908128112555,0.4288676381111145,-4.4366795918904245e-05,0.0,0.0195453,0.0195452,0.0195452
0.8883808553218842,0.20452818274497986,-1.5436605215072632,0.001652454142458737,0.5687711238861084,0.001652454142458737,0.0,0.0195453,0.0195452,0.0195452
0.8441865742206573,0.8809948265552521,0.36421307921409607,0.01639920100569725,0.9399889707565308,-0.001450604759156704,0.0,0.0195453,0.0195452,0.0195452
0.7035708427429199,0.2876283824443817,0.4081038236618042,0.0048743910156190395,0.6669372916221619,-0.0048743910156190395,0.0,0.0195453,0.0195452,0.0195452
0.35511209070682526,0.9148406982421875,0.09911282360553741,0.019999999552965164,0.5881996750831604,-0.005125297699123621,-0.0,0.0195453,0.0195452,0.0195452
0.15457940101623535,0.3795377165079117,1.0695804357528687,0.005665711592882872,0.2521325647830963,-0.003035708097741008,-0.0,0.0195453,0.0195452,0.0195452
0.8627941906452179,0.9185673594474792,-1.399255633354187,0.019999999552965164,0.2974458932876587,-0.00033520435681566596,-0.0,0.0195453,0.0195452,0.0195452
0.8409352898597717,0.5737201124429703,0.6150780320167542,0.006914931815117598,0.8049356341362,-0.0025556753389537334,-0.0,0.0195453,0.0195452,0.0195452
0.588380366563797,0.7496180832386017,0.5519562363624573,0.006864709779620171,0.11326576769351959,0.0030555513221770525,0.0,0.0195453,0.0195452,0.0195452
0.2625468373298645,0.8052233755588531,0.037934403866529465,0.011961945332586765,0.8495574593544006,-0.003953196574002504,0.0,0.0195453,0.0195452,0.0195452
0.10004612803459167,0.18464964628219604,-1.6661505699157715,0.0010000000474974513,0.17053534090518951,-0.0010000000474974513,-0.0,0.0195453,0.0195452,0.0195452
0.9746630191802979,0.15219098329544067,2.2373342514038086,0.019999999552965164,0.5807610154151917,-0.0046652862802147865,0.0,0.0195453,0.0195452,0.0195452
0.16395682096481323,0.367993101477623,1.7724894285202026,0.0010000000474974513,0.13285113871097565,0.0010000000474974513,0.0,0.0195453,0.0195452,0.0195452
0.3547196537256241,0.4903590865433216,0.5379397869110107,0.007171033415943384,0.7490288615226746,0.002755521098151803,0.0,0.0195453,0.0195452,0.0195452
0.1802544891834259,0.8700658679008484,1.9780199527740479,0.0011319342302158475,0.14273540675640106,0.0007489949930459261,0.0,0.0195453,0.0195452,0.0195452
0.45451822504401207,0.44567234069108963,1.8766535520553589,0.0011188886128365993,0.4693010747432709,-0.0008117204415611923,-0.0,0.0195453,0.0195452,0.0195452
0.3202783167362213,0.42741385847330093,0.444909006357193,0.0010000000474974513,0.5500633120536804,-0.0010000000474974513,0.0,0.0195453,0.0195452,0.0195452
0.4171360954642296,0.18710118532180786,-2.544110059738159,0.01424473337829113,0.5302585959434509,0.0011767767136916518,0.0,0.0195453,0.0195452,0.0195452
0.6345092952251434,0.3637365996837616,1.8535197973251343,0.0029009270947426558,0.6191386580467224,0.001331075094640255,0.0,0.0195453,0.0195452,0.0195452
0.5830776318907738,0.18412455916404724,-0.8919485211372375,0.008285163901746273,0.7131727933883667,0.008285163901746273,0.0,0.0195453,0.0195452,0.0195452
0.4193074479699135,0.16118115186691284,-3.133159637451172,0.016063235700130463,0.7789384126663208,-0.004500900860875845,0.0,0.0195453,0.0195452,0.0195452
0.18607217073440552,0.10694301128387451,-1.1662076711654663,0.009933874942362309,0.4431857764720917,-0.0008473715861327946,-0.0,0.0195453,0.0195452,0.0195452
0.2525217980146408,0.6423627287149429,-0.859225869178772,0.005688795354217291,0.2643044590950012,-0.0009612998110242188,0.0,0.0195453,0.0195452,0.0195452
0.10243481397628784,0.27048517763614655,2.45307993888855,0.0020324208308011293,0.1184476763010025,0.0020324208308011293,0.0,0.0195453,0.0195452,0.0195452
0.69181889295578,0.13606271147727966,0.3763522207736969,0.008705394342541695,0.7570613622665405,0.005651331506669521,-0.0,0.0195453,0.0195452,0.0195452
0.29854367673397064,0.20874911546707153,2.562636613845825,0.007340139243751764,0.48087576031684875,-0.0005943749565631151,0.0,0.0195453,0.0195452,0.0195452
0.07946193218231201,0.9360054433345795,-2.153642177581787,0.019999999552965164,0.9031047821044922,0.008686463348567486,-0.0,0.0195453,0.0195452,0.0195452
0.2913281321525574,0.3127756118774414,-1.0884723663330078,0.0014240448363125324,0.8966179490089417,0.00022926084056962281,0.0,0.0195453,0.0195452,0.0195452
0.22512447834014893,0.7806905806064606,-0.17252302169799805,0.007334975525736809,0.747401237487793,0.0057077049277722836,0.0,0.0195453,0.0195452,0.0195452
0.3963540196418762,0.611774705350399,-2.03755521774292,0.005525737535208464,0.29184216260910034,0.0011017934884876013,0.0,0.0195453,0.0195452,0.0195452
0.13142123818397522,0.2049960494041443,-2.6861674785614014,0.0023215715773403645,0.3657352030277252,0.0023215715773403645,0.0,0.0195453,0.0195452,0.0195452
0.5796144679188728,0.6603252738714218,0.6224847435951233,0.001299553900025785,0.1798950582742691,0.001299553900025785,-0.0,0.0195453,0.0195452,0.0195452
0.7288893908262253,0.10306769609451294,-2.7471675872802734,0.0010000000474974513,0.4816015064716339,-0.0010000000474974513,0.0,0.0195453,0.0195452,0.0195452
0.2370007038116455,0.32328981161117554,0.236530601978302,0.019999999552965164,0.6629688739776611,0.008499270305037498,-0.0,0.0195453,0.0195452,0.0195452
0.3025730699300766,0.5945035070180893,-0.6993362903594971,0.0018900962313637137,1.0,0.0018900962313637137,-0.0,0.0195453,0.0195452,0.0195452
0.14034152030944824,0.04564404487609863,-2.5471458435058594,0.019999999552965164,0.3472276031970978,0.001102770445868373,-0.0,0.0195453,0.0195452,0.0195452
0.09662467241287231,0.37627632170915604,2.026845932006836,0.001519298180937767,0.500735342502594,0.0004493157030083239,-0.0,0.0195453,0.0195452,0.0195452
0.911359041929245,0.31065496802330017,-1.1428381204605103,0.0010000000474974513,0.5390137434005737,-0.0010000000474974513,-0.0,0.0195453,0.0195452,0.0195452
0.9857380390167236,0.3479343056678772,2.1576476097106934,0.019999999552965164,0.4661147892475128,0.0016032352577894926,0.0,0.0195453,0.0195452,0.0195452
0.27458320558071136,0.9497088491916656,-2.239945650100708,0.0016139551298692822,0.5800192952156067,0.0016139551298692822,-0.0,0.0195453,0.0195452,0.0195452
0.18408507108688354,0.5688466131687164,-2.02093768119812,0.00395206268876791,0.11643555760383606,-0.0012972184922546148,0.0,0.0195453,0.0195452,0.0195452
0.3368193656206131,0.7654275894165039,0.7252196073532104,0.01405313704162836,0.42983970046043396,0.006010737735778093,0.0,0.0195453,0.0195452,0.0195452
0.9037814438343048,0.6882424652576447,-1.7610524892807007,0.0032844964880496264,0.1894713044166565,0.0011088786413893104,0.0,0.0195453,0.0195452,0.0195452
0.13681307435035706,0.7524832487106323,-1.2124143838882446,0.0024036576505750418,0.141518697142601,-0.0005703691858798265,-0.0,0.0195453,0.0195452,0.0195452
0.8642481565475464,0.92924964427948,-1.816025972366333,0.0010000000474974513,0.3167061507701874,-0.0008834446780383587,0.0,0.0195453,0.0195452,0.0195452
0.03013703227043152,0.5362128466367722,-2.2947635650634766,0.0038783717900514603,0.6337182521820068,0.0038783717900514603,0.0,0.0195453,0.0195452,0.0195452
0.029816359281539917,0.8794422745704651,2.171673536300659,0.019999999552965164,0.3002665936946869,0.009999999776482582,0.0,0.0195453,0.0195452,0.0195452
0.16342315077781677,0.009667277336120605,3.058100938796997,0.003640224691480398,0.4803113341331482,0.003640224691480398,-0.0,0.0195453,0.0195452,0.0195452
0.6566382348537445,0.11475363373756409,1.412640929222107,0.0010000000474974513,0.4961191415786743,0.0006946572684682906,-0.0,0.0195453,0.0195452,0.0195452
0.47059888765215874,0.16881978511810303,0.5791080594062805,0.010845540091395378,0.3801400065422058,-0.00018951039237435907,-0.0,0.0195453,0.0195452,0.0195452
0.8389135301113129,0.8002112209796906,4.146426677703857,0.0010000000474974513,0.15797792375087738,-0.0010000000474974513,-0.0,0.0195453,0.0195452,0.0195452
0.3858339786529541,0.8798514902591705,0.7957325577735901,0.0022373173851519823,0.20238704979419708,0.001257891533896327,-0.0,0.0195453,0.0195452,0.0195452
0.551362257450819,0.37126725912094116,1.898417592048645,0.0033282048534601927,0.12033286690711975,-0.00026074188644997776,-0.0,0.0195453,0.0195452,0.0195452
0.8667946457862854,0.9100775122642517,-2.0630691051483154,0.011981014162302017,0.8722485303878784,0.005124994087964296,-0.0,0.0195453,0.0195452,0.0195452
0.3102622926235199,0.34981484711170197,-0.8927024006843567,0.002759612165391445,0.14831270277500153,-0.0009275056072510779,-0.0,0.0195453,0.0195452,0.0195452
0.30853356420993805,0.06102174520492554,0.8518949151039124,0.009314867667853832,0.41126981377601624,0.006660205312073231,0.0,0.0195453,0.0195452,0.0195452
0.08829137682914734,0.7996243536472321,2.116915702819824,0.014046864584088326,0.6122822165489197,-0.007000187877565622,0.0,0.0195453,0.0195452,0.0195452
0.44381122291088104,0.6062545701861382,0.8568977117538452,0.00808898638933897,0.8803399205207825,0.003304503858089447,-0.0,0.0195453,0.0195452,0.0195452
0.7306910455226898,0.5425826013088226,0.6298690438270569,0.011300700716674328,0.13477186858654022,0.003069761674851179,0.0,0.0195453,0.0195452,0.0195452
0.04449397325515747,0.7481683194637299,-1.3247474431991577,0.001660139299929142,0.05000000074505806,0.0011698008747771382,-0.0,0.0195453,0.0195452,0.0195452
0.9426503777503967,0.47179980762302876,2.3729984760284424,0.0010000000474974513,0.06129227951169014,-0.0009695895132608712,0.0,0.0195453,0.0195452,0.0195452
0.35978277027606964,0.3428088575601578,2.303372621536255,0.002513290150091052,0.7224471569061279,-0.0006948543596081436,0.0,0.0195453,0.0195452,0.0195452
0.21082758903503418,0.4770374409854412,0.22392117977142334,0.0010000000474974513,0.6440342664718628,-0.0010000000474974513,-0.0,0.0195453,0.0195452,0.0195452
0.5823219269514084,0.5113464938476682,1.9068474769592285,0.008155827410519123,0.5570822358131409,-0.008155827410519123,-0.0,0.0195453,0.0195452,0.0195452
0.05607643723487854,0.42576899379491806,-1.3755282163619995,0.01606997847557068,0.5657967329025269,-0.001790276961401105,0.0,0.0195453,0.0195452,0.0195452
0.29965995252132416,0.06328925490379333,2.747685432434082,0.0010000000474974513,0.8508499264717102,-0.0010000000474974513,-0.0,0.0195453,0.0195452,0.0195452
0.5549275390803814,0.8683847188949585,2.209270715713501,0.001207625144161284,0.6491237282752991,-0.001207625144161284,0.0,0.0195453,0.0195452,0.0195452
0.7380013316869736,0.6274246871471405,2.0807440280914307,0.0040186382830142975,0.8483686447143555,0.001336499466560781,0.0,0.0195453,0.0195452,0.0195452
0.6143351495265961,0.20346486568450928,-2.2367653846740723,0.008974719792604446,0.8737481236457825,0.005264305975288153,0.0,0.0195453,0.0195452,0.0195452
0.10640665888786316,0.23685511946678162,2.529676675796509,0.0028298543766140938,0.468128502368927,-0.0017980990232899785,0.0,0.0195453,0.0195452,0.0195452
0.5014064847491682,0.9504698514938354,-1.019333839416504,0.019999999552965164,0.7702204585075378,-0.009522353298962116,-0.0,0.0195453,0.0195452,0.0195452
0.598842166364193,0.059646546840667725,1.4106143712997437,0.006045165471732616,0.5911852717399597,0.00326383113861084,-0.0,0.0195453,0.0195452,0.0195452
0.822277307510376,0.2801075279712677,1.8796980381011963,0.004399368539452553,0.7362181544303894,0.0010787422070279717,-0.0,0.0195453,0.0195452,0.0195452
0.05960053205490112,0.7184662818908691,-0.9281967878341675,0.0010000000474974513,0.2050618678331375,0.0004405764921102673,0.0,0.0195453,0.0195452,0.0195452
0.13770020008087158,0.7064238935709,2.105971097946167,0.0066811866126954556,0.7854734063148499,-0.00615725526586175,-0.0,0.0195453,0.0195452,0.0195452
0.5581612810492516,0.07225906848907471,0.9005652666091919,0.019999999552965164,0.7435765266418457,0.0061278375796973705,-0.0,0.0195453,0.0195452,0.0195452
0.9725622832775116,0.27421967685222626,-2.5870752334594727,0.0026673506945371628,0.3696286976337433,-0.000506710319314152,0.0,0.0195453,0.0195452,0.0195452
0.6255972385406494,0.5081361224874854,-0.062287572771310806,0.0015524211339652538,0.7204139232635498,0.0007984478725120425,0.0,0.0195453,0.0195452,0.0195452
0.6498031914234161,0.8869449496269226,2.555765151977539,0.0010000000474974513,0.5252789258956909,-0.0010000000474974513,-0.0,0.0195453,0.0195452,0.0195452
0.17766857147216797,0.3331088721752167,1.2242934703826904,0.006351278629153967,0.2045212984085083,0.005430271383374929,0.0,0.0195453,0.0195452,0.0195452
0.10554587841033936,0.9873064458370209,2.1427254676818848,0.019999999552965164,0.7888790965080261,0.00754691893234849,-0.0,0.0195453,0.0195452,0.0195452
0.8489348888397217,0.31282655894756317,1.9025849103927612,0.0010000000474974513,0.8178585767745972,0.0003488421789370477,0.0,0.0195453,0.0195452,0.0195452
0.7828030288219452,0.4101323112845421,2.4140806198120117,0.003070334903895855,0.5964517593383789,-0.002149749081581831,0.0,0.0195453,0.0195452,0.0195452
0.2347911298274994,0.7460137754678726,2.3967792987823486,0.0018386831507086754,0.6649550795555115,-0.0018386831507086754,-0.0,0.0195453,0.0195452,0.0195452
0.05115422606468201,0.17028427124023438,-2.6596949100494385,0.019999999552965164,0.14956578612327576,0.0035553635098040104,0.0,0.0195453,0.0195452,0.0195452
0.8306702673435211,0.43291597813367844,0.9885876774787903,0.006960679776966572,0.4591963589191437,0.0007960553048178554,-0.0,0.0195453,0.0195452,0.0195452
0.06274685263633728,0.1683332622051239,-2.441572427749634,0.004415310453623533,0.7848793864250183,0.0001431815035175532,0.0,0.0195453,0.0195452,0.0195452
0.5911488234996796,0.3937540352344513,-0.9631521701812744,0.006970515474677086,0.7708858251571655,0.003818037686869502,0.0,0.0195453,0.0195452,0.0195452
0.3205886334180832,0.8879694640636444,-0.3816276490688324,0.0010000000474974513,0.16921097040176392,0.0010000000474974513,-0.0,0.0195453,0.0195452,0.0195452
0.8171374499797821,0.12560030817985535,-0.6428389549255371,0.004261549096554518,0.4658670425415039,-0.001022333512082696,0.0,0.0195453,0.0195452,0.0195452
0.4663821756839752,0.8599421679973602,0.6199198365211487,0.0016241505509242415,0.5726413130760193,0.001395733910612762,0.0,0.0195453,0.0195452,0.0195452
0.6028364077210426,0.003927826881408691,0.9160923361778259,0.019999999552965164,0.5482291579246521,0.003980549518018961,-0.0,0.0195453,0.0195452,0.0195452
0.3489677309989929,0.21668678522109985,1.1092262268066406,0.0010000000474974513,0.13752716779708862,0.0010000000474974513,-0.0,0.0195453,0.0195452,0.0195452
0.9289256036281586,0.6984880268573761,-2.07623553276062,0.008085458539426327,0.8029500842094421,0.008085458539426327,-0.0,0.0195453,0.0195452,0.0195452
0.5025824988260865,0.053600013256073,0.5365696549415588,0.0010000000474974513,0.6602833867073059,0.0006297972286120057,0.0,0.0195453,0.0195452,0.0195452
0.05739408731460571,0.5823048502206802,-1.9297282695770264,0.005986059084534645,0.4725334942340851,-5.146802504896186e-05,0.0,0.0195453,0.0195452,0.0195452
0.7542464137077332,0.8005234003067017,2.905050277709961,0.0020655235275626183,0.2012244313955307,0.0018771932227537036,0.0,0.0195453,0.0195452,0.0195452
0.7951147854328156,0.5284367091953754,-1.5808191299438477,0.0010000000474974513,0.5243663787841797,-0.0010000000474974513,0.0,0.0195453,0.0195452,0.0195452
0.8774367868900299,0.8173148930072784,-2.2004621028900146,0.0010000000474974513,0.9856579303741455,-0.0009548472007736564,-0.0,0.0195453,0.0195452,0.0195452
0.9088180661201477,0.17874321341514587,-1.223128080368042,0.0010000000474974513,0.699112594127655,0.0002490863553248346,-0.0,0.0195453,0.0195452,0.0195452
0.2280712127685547,0.34884586930274963,0.14122015237808228,0.013053562492132187,0.25016674399375916,0.006216762121766806,0.0,0.0195453,0.0195452,0.0195452
0.5678966864943504,0.8735522627830505,-0.4016037881374359,0.0010000000474974513,0.2642824351787567,-0.000907106208615005,0.0,0.0195453,0.0195452,0.0195452
0.7951474189758301,0.8221215605735779,-2.2188308238983154,0.0071730948984622955,0.19542501866817474,-0.0011325582163408399,-0.0,0.0195453,0.0195452,0.0195452
0.11829522252082825,0.13088557124137878,-2.1113121509552,0.0010000000474974513,0.2660154104232788,-0.0004923148662783206,-0.0,0.0195453,0.0195452,0.0195452
0.36199724674224854,0.057091861963272095,0.4539494812488556,0.0031281739939004183,0.7770419120788574,0.0005672679399140179,0.0,0.0195453,0.0195452,0.0195452
0.0934569239616394,0.9549756050109863,-0.9063143730163574,0.0054615396074950695,0.7858774662017822,-0.0005852803005836904,0.0,0.0195453,0.0195452,0.0195452
0.48643095046281815,0.33075350522994995,2.6307928562164307,0.0010000000474974513,0.7205110192298889,-0.00029728986555710435,0.0,0.0195453,0.0195452,0.0195452
0.8841357231140137,0.7204361408948898,4.105494499206543,0.007504010107368231,0.16157884895801544,0.002435669768601656,0.0,0.0195453,0.0195452,0.0195452
0.7407865524291992,0.2515847384929657,-3.0476012229919434,0.0016157557256519794,0.40859442949295044,-0.0008604859467595816,0.0,0.0195453,0.0195452,0.0195452
0.6187412440776825,0.7337889522314072,1.1611347198486328,0.007433911319822073,0.48171356320381165,0.007433911319822073,-0.0,0.0195453,0.0195452,0.0195452
0.748162642121315,0.9684140980243683,1.2304545640945435,0.004335029516369104,0.4914536476135254,-0.0011989007471129298,0.0,0.0195453,0.0195452,0.0195452
0.5293730292469263,0.8291840553283691,2.4237067699432373,0.0010000000474974513,0.6173058152198792,0.0010000000474974513,-0.0,0.0195453,0.0195452,0.0195452
0.2771672159433365,0.7929056882858276,2.583296537399292,0.0010000000474974513,0.48188337683677673,-0.0003248080029152334,-0.0,0.0195453,0.0195452,0.0195452
0.5299485325813293,0.22308412194252014,2.1571044921875,0.0010000000474974513,0.2982181906700134,-0.0010000000474974513,0.0,0.0195453,0.0195452,0.0195452
0.023797720670700073,0.8409950435161591,2.017845630645752,0.0038048771675676107,0.795389711856842,-0.000619477650616318,-0.0,0.0195453,0.0195452,0.0195452
0.6339505761861801,0.9315913617610931,-3.2134904861450195,0.0010000000474974513,0.5955414772033691,-0.0010000000474974513,-0.0,0.0195453,0.0195452,0.0195452
0.19018620252609253,0.20855796337127686,2.813347578048706,0.0010000000474974513,0.2252245396375656,-0.0006837103283032775,0.0,0.0195453,0.0195452,0.0195452
0.7688966393470764,0.8620046377182007,3.1655287742614746,0.019598376005887985,0.8857086300849915,0.003799823811277747,-0.0,0.0195453,0.0195452,0.0195452
0.7993319034576416,0.033927738666534424,-0.484740287065506,0.018526436761021614,0.2764900028705597,-0.000914757139980793,-0.0,0.0195453,0.0195452,0.0195452
0.013437032699584961,0.3245112895965576,-1.0468409061431885,0.003517278702929616,0.34805965423583984,0.0013229743344709277,0.0,0.0195453,0.0195452,0.0195452
0.1630432903766632,0.7068755924701691,1.532933235168457,0.002553289756178856,0.3713737428188324,-0.0019278029212728143,0.0,0.0195453,0.0195452,0.0195452
0.4136902540922165,0.43109025061130524,-2.425309658050537,0.0010000000474974513,0.2870069146156311,-0.0008887268486432731,0.0,0.0195453,0.0195452,0.0195452
0.29196667671203613,0.6369740217924118,2.0712344646453857,0.013735291548073292,0.2797146737575531,-0.009889098815619946,0.0,0.0195453,0.0195452,0.0195452
0.6588313430547714,0.6708837300539017,2.490384578704834,0.009143218398094177,0.9591038227081299,0.001988244242966175,-0.0,0.0195453,0.0195452,0.0195452
0.577801026403904,0.5966105982661247,-1.192791223526001,0.019999999552965164,0.576803982257843,-0.007707812823355198,-0.0,0.0195453,0.0195452,0.0195452
0.4323064386844635,0.010544508695602417,-0.7044528722763062,0.014140657149255276,0.19189231097698212,-0.0017485731514170766,0.0,0.0195453,0.0195452,0.0195452
0.8583391606807709,0.8508191704750061,0.15573832392692566,0.001002764911390841,0.5843841433525085,-0.001002764911390841,-0.0,0.0195453,0.0195452,0.0195452
0.29172787070274353,0.30824732780456543,2.958656072616577,0.012153692543506622,0.5646762251853943,-0.009999999776482582,0.0,0.0195453,0.0195452,0.0195452
0.8204144835472107,0.7786549627780914,-2.7906265258789062,0.0010000000474974513,0.21496202051639557,-0.0010000000474974513,-0.0,0.0195453,0.0195452,0.0195452
0.5104282787069678,0.856330394744873,1.9934024810791016,0.0010000000474974513,0.26305967569351196,-0.0010000000474974513,-0.0,0.0195453,0.0195452,0.0195452
0.37325143814086914,0.6622022390365601,0.054336223751306534,0.01958199217915535,0.20360437035560608,0.007369316648691893,0.0,0.0195453,0.0195452,0.0195452
0.6257923692464828,0.030655235052108765,-0.6960548758506775,0.008019370958209038,0.3326285183429718,-0.0068673486821353436,-0.0,0.0195453,0.0195452,0.0195452
0.39690621197223663,0.03569599986076355,0.7648082375526428,0.019999999552965164,0.4143334925174713,0.001128622330725193,-0.0,0.0195453,0.0195452,0.0195452
0.7820948660373688,0.13755396008491516,2.061981678009033,0.0012952251126989722,0.6028326749801636,0.0011636430863291025,0.0,0.0195453,0.0195452,0.0195452
0.5032802612986416,0.853517472743988,1.1003071069717407,0.0010000000474974513,0.4221670925617218,-0.0005460739484988153,-0.0,0.0195453,0.0195452,0.0195452
0.5278448760509491,0.6209586262702942,1.9195489883422852,0.00939403846859932,0.2618819773197174,0.0005438156658783555,-0.0,0.0195453,0.0195452,0.0195452
0.11428150534629822,0.38996274024248123,1.0107355117797852,0.01539183035492897,0.544520378112793,0.009954671375453472,0.0,0.0195453,0.0195452,0.0195452
0.6782921552658081,0.5490949265658855,0.3581089377403259,0.008698688820004463,0.5972279906272888,0.0027648459654301405,0.0,0.0195453,0.0195452,0.0195452
0.5550216063857079,0.4864467391744256,-0.3688841462135315,0.019488943740725517,0.5221277475357056,0.007414898369461298,0.0,0.0195453,0.0195452,0.0195452
0.70603246986866,0.014014661312103271,-0.358865886926651,0.017243053764104843,0.5112558007240295,0.003803145606070757,-0.0,0.0195453,0.0195452,0.0195452
0.9986510872840881,0.7991532385349274,-2.7514302730560303,0.0024282452650368214,0.05000000074505806,0.0006656945333816111,0.0,0.0195453,0.0195452,0.0195452
0.609369158744812,0.7444933354854584,-3.743659019470215,0.002696059877052903,0.10107430070638657,-0.002696059877052903,0.0,0.0195453,0.0195452,0.0195452
0.3232903331518173,0.4642675966024399,0.8875290155410767,0.003263671649619937,0.7237985730171204,-0.000626170658506453,-0.0,0.0195453,0.0195452,0.0195452
0.27782921493053436,0.6030420213937759,-0.2846834361553192,0.004445444326847792,0.18285588920116425,-0.003188182134181261,-0.0,0.0195453,0.0195452,0.0195452
0.2963453233242035,0.31219182908535004,-0.4869464933872223,0.003687457647174597,0.3905786871910095,0.0019493920262902975,-0.0,0.0195453,0.0195452,0.0195452
0.9085887372493744,0.5956888496875763,2.9945003986358643,0.0010000000474974513,0.5613771677017212,-0.0010000000474974513,-0.0,0.0195453,0.0195452,0.0195452
0.7088194936513901,0.3978056311607361,0.5079653859138489,0.0023779100738465786,0.25598713755607605,-0.0008423025137744844,0.0,0.0195453,0.0195452,0.0195452
0.7784327566623688,0.2950376719236374,2.1013588905334473,0.002323842840269208,0.17611798644065857,-0.0014771800488233566,-0.0,0.0195453,0.0195452,0.0195452
0.5236239843070507,0.8452027440071106,1.976744294166565,0.019999999552965164,0.7364313006401062,-0.009999999776482582,-0.0,0.0195453,0.0195452,0.0195452
0.6371472328901291,0.2359687089920044,1.6512057781219482,0.007903166115283966,0.4189207851886749,0.0005575642571784556,0.0,0.0195453,0.0195452,0.0195452
0.06236547231674194,0.4059101939201355,-0.8449153900146484,0.006263300310820341,0.5937039852142334,0.003904482815414667,-0.0,0.0195453,0.0195452,0.0195452
0.002101212739944458,0.2829934060573578,-1.6556822061538696,0.018864020705223083,0.8302733898162842,-0.005924241151660681,0.0,0.0195453,0.0195452,0.0195452
0.07701048254966736,0.9804819226264954,1.4836885929107666,0.011310910806059837,0.39490288496017456,0.004072817508131266,0.0,0.0195453,0.0195452,0.0195452
0.3843231871724129,0.6322294771671295,-3.199758291244507,0.005209009163081646,0.8575142025947571,-0.00010641459812177345,0.0,0.0195453,0.0195452,0.0195452
0.916464626789093,0.06529501080513,2.148484468460083,0.007179953157901764,0.6918119192123413,-0.0030342068057507277,0.0,0.0195453,0.0195452,0.0195452
0.3190881907939911,0.8929704129695892,3.1335935592651367,0.016600077971816063,0.5068211555480957,0.004116326104849577,-0.0,0.0195453,0.0195452,0.0195452
0.8858133554458618,0.025772690773010254,-0.917735755443573,0.018492208793759346,0.3869337737560272,0.0012799515388906002,0.0,0.0195453,0.0195452,0.0195452
0.09039583802223206,0.55797253921628,2.4913272857666016,0.0010000000474974513,0.17042984068393707,-0.00010213137284154072,-0.0,0.0195453,0.0195452,0.0195452
0.47009607031941414,0.7420056909322739,-3.138590097427368,0.005072128959000111,0.43587616086006165,0.00204807729460299,0.0,0.0195453,0.0195452,0.0195452
0.6810394674539566,0.4251302555203438,1.8051159381866455,0.013009218499064445,0.8297826647758484,0.0036815404891967773,-0.0,0.0195453,0.0195452,0.0195452
0.20777484774589539,0.2170063555240631,2.5622692108154297,0.010991368442773819,0.3739311695098877,-0.001986662158742547,0.0,0.0195453,0.0195452,0.0195452
0.8337545394897461,0.44164927303791046,-0.10324395447969437,0.001657172804698348,0.2564106583595276,1.875737689260859e-05,0.0,0.0195453,0.0195452,0.0195452
0.6330952793359756,0.0398293137550354,2.376918077468872,0.019999999552965164,0.3667958378791809,-0.006890655495226383,0.0,0.0195453,0.0195452,0.0195452
0.058204054832458496,0.9308190941810608,-0.493818998336792,0.008180616423487663,0.8957496881484985,0.0008610780350863934,-0.0,0.0195453,0.0195452,0.0195452
0.058184921741485596,0.2623857259750366,0.8957958817481995,0.011435216292738914,0.40827977657318115,0.0016780367586761713,-0.0,0.0195453,0.0195452,0.0195452
0.5260487105697393,0.9965612590312958,-1.477894902229309,0.019999999552965164,0.4429088532924652,-0.003634513821452856,-0.0,0.0195453,0.0195452,0.0195452
0.29078708589076996,0.46975728310644627,2.531723737716675,0.002034391276538372,0.2968638837337494,-0.00045825171400792897,0.0,0.0195453,0.0195452,0.0195452
0.6603802889585495,0.4037355110049248,-2.8497934341430664,0.0010074794990941882,0.587265133857727,-0.0010074794990941882,-0.0,0.0195453,0.0195452,0.0195452
0.4671436995267868,0.9609547555446625,-2.2483837604522705,0.0010000000474974513,0.15085668861865997,-0.0010000000474974513,-0.0,0.0195453,0.0195452,0.0195452
0.5125430608168244,0.18228760361671448,2.1717967987060547,0.007623506709933281,0.6845834255218506,-0.002975015202537179,0.0,0.0195453,0.0195452,0.0195452
0.11411815881729126,0.0855097770690918,0.7097108364105225,0.004658403340727091,0.5075738430023193,0.001616916386410594,-0.0,0.0195453,0.0195452,0.0195452
0.9511283338069916,0.6983540654182434,1.8320471048355103,0.010663213208317757,0.7600941061973572,0.007059581112116575,-0.0,0.0195453,0.0195452,0.0195452
0.9253540337085724,0.3308536857366562,-2.533156394958496,0.0038774239365011454,0.09783835709095001,-0.0002081071143038571,0.0,0.0195453,0.0195452,0.0195452
0.6629282534122467,0.9143977463245392,-3.2477521896362305,0.0010000000474974513,0.8253258466720581,0.000728977145627141,-0.0,0.0195453,0.0195452,0.0195452
0.7142722308635712,0.6381844729185104,-2.267940044403076,0.0033593191765248775,0.5282904505729675,-0.0033593191765248775,-0.0,0.0195453,0.0195452,0.0195452
0.5240242499858141,0.6176648363471031,-3.011216878890991,0.010832629166543484,0.4570886194705963,-0.001365950796753168,-0.0,0.0195453,0.0195452,0.0195452
0.8246957957744598,0.17655101418495178,1.3453055620193481,0.006975309923291206,0.8062681555747986,-0.0010509216226637363,0.0,0.0195453,0.0195452,0.0195452
0.6898856610059738,0.13327756524085999,0.4789983928203583,0.001003142329864204,0.17367081344127655,-0.00045372016029432416,-0.0,0.0195453,0.0195452,0.0195452
0.7293895781040192,0.2532150000333786,-2.846302032470703,0.0018682772060856223,0.3114854097366333,-0.000942665443290025,-0.0,0.0195453,0.0195452,0.0195452
0.5260658096522093,0.6133110672235489,2.4195473194122314,0.012552387081086636,0.5058786273002625,0.0005374945467337966,0.0,0.0195453,0.0195452,0.0195452
0.8071064054965973,0.36676616966724396,0.4105325937271118,0.002328235190361738,0.18478447198867798,-0.00015060740406624973,0.0,0.0195453,0.0195452,0.0195452
0.26849381625652313,0.64242123067379,-2.7254178524017334,0.0010000000474974513,0.13015824556350708,-0.0007666455348953605,-0.0,0.0195453,0.0195452,0.0195452
0.5828694254159927,0.5136161232367158,0.41739821434020996,0.0010000000474974513,0.37958383560180664,0.0010000000474974513,-0.0,0.0195453,0.0195452,0.0195452
0.7033369839191437,0.7753473818302155,-0.009710120968520641,0.01686844229698181,0.9464772343635559,0.0041632261127233505,0.0,0.0195453,0.0195452,0.0195452
0.5306507796049118,0.8484810590744019,2.268771171569824,0.011455671861767769,0.09242969006299973,0.0007421370828524232,-0.0,0.0195453,0.0195452,0.0195452
0.9472108781337738,0.6943197250366211,-2.2912492752075195,0.006737560033798218,0.7473410964012146,0.005308348685503006,-0.0,0.0195453,0.0195452,0.0195452
0.22852152585983276,0.12353336811065674,-1.866966962814331,0.002262948313727975,0.17668694257736206,-0.002262948313727975,-0.0,0.0195453,0.0195452,0.0195452
0.49979851783427875,0.30699925124645233,-0.8973320126533508,0.00394841842353344,0.4058644473552704,0.0020363207440823317,0.0,0.0195453,0.0195452,0.0195452
0.9448568820953369,0.11716985702514648,2.244056224822998,0.0010000000474974513,0.7677934765815735,0.0010000000474974513,-0.0,0.0195453,0.0195452,0.0195452
0.7924636602401733,0.978226900100708,1.1473357677459717,0.005232888273894787,0.2695223093032837,0.003073647851124406,-0.0,0.0195453,0.0195452,0.0195452
0.16423842310905457,0.5698698163032532,-1.0711748600006104,0.001928086276166141,0.2645745873451233,0.001928086276166141,0.0,0.0195453,0.0195452,0.0195452
0.7813718914985657,0.6474648118019104,-0.026070870459079742,0.016012683510780334,0.7608605027198792,-0.00010184821439906955,0.0,0.0195453,0.0195452,0.0195452
0.42597731947898865,0.3280336409807205,3.7080271244049072,0.015354388393461704,0.4623260200023651,0.004908197093755007,0.0,0.0195453,0.0195452,0.0195452
0.21431416273117065,0.8684093356132507,0.8555570840835571,0.0019258549436926842,0.15488384664058685,0.0017227603821083903,-0.0,0.0195453,0.0195452,0.0195452
0.03484269976615906,0.4775564931333065,1.872381329536438,0.005698263179510832,0.9413723945617676,0.00043207575799897313,-0.0,0.0195453,0.0195452,0.0195452
0.6890340745449066,0.2761148065328598,-3.2789859771728516,0.009685582481324673,0.388562947511673,-0.0016692944336682558,-0.0,0.0195453,0.0195452,0.0195452
0.8122134506702423,0.5516984350979328,2.5306594371795654,0.012730264104902744,0.9192779660224915,-0.002985740778967738,-0.0,0.0195453,0.0195452,0.0195452
0.825730562210083,0.03674808144569397,2.4639744758605957,0.0015688553685322404,0.7631463408470154,0.0011553945951163769,0.0,0.0195453,0.0195452,0.0195452
0.20722106099128723,0.536082323640585,-2.2649052143096924,0.002640273654833436,0.49271079897880554,0.00040974479634314775,0.0,0.0195453,0.0195452,0.0195452
0.2588854134082794,0.3040588051080704,-0.681640625,0.0035833825822919607,0.8710831999778748,-0.0012397482059895992,0.0,0.0195453,0.0195452,0.0195452
0.43244706094264984,0.6104243248701096,-2.8370187282562256,0.0010000000474974513,0.48208141326904297,-0.0009685215190984309,0.0,0.0195453,0.0195452,0.0195452
0.5364089235663414,0.6308857947587967,1.2535762786865234,0.0010000000474974513,0.8477354645729065,-0.0005242389743216336,0.0,0.0195453,0.0195452,0.0195452
0.3273010849952698,0.7962803840637207,-1.505276083946228,0.005657723639160395,0.28510862588882446,0.003401715774089098,0.0,0.0195453,0.0195452,0.0195452
0.09154805541038513,0.6076844930648804,-1.4947775602340698,0.0010000000474974513,0.13453315198421478,0.0007752915262244642,-0.0,0.0195453,0.0195452,0.0195452
0.6707545071840286,0.5461952053010464,2.1150577068328857,0.005168335046619177,0.7561020851135254,0.00044479104690253735,0.0,0.0195453,0.0195452,0.0195452
0.47015358693897724,0.7310059666633606,2.4068751335144043,0.0011439298978075385,0.8903880715370178,0.00045560626313090324,0.0,0.0195453,0.0195452,0.0195452
0.5855910405516624,0.6625404506921768,-0.6334146857261658,0.0011884792475029826,0.25158411264419556,-0.001121298293583095,-0.0,0.0195453,0.0195452,0.0195452
0.8792994022369385,0.18779420852661133,-3.3812966346740723,0.001207734108902514,0.25900501012802124,-0.00010355209087720141,-0.0,0.0195453,0.0195452,0.0195452
0.8671711683273315,0.8221659958362579,0.6305939555168152,0.007805581204593182,0.1962244212627411,0.007805581204593182,-0.0,0.0195453,0.0195452,0.0195452
0.37286823987960815,0.7604877948760986,-2.568650722503662,0.003962577320635319,0.21072794497013092,-0.0011619542492553592,-0.0,0.0195453,0.0195452,0.0195452
0.5305218603461981,0.4447145275771618,-2.555570602416992,0.003586425445973873,0.15671555697917938,0.0022014775313436985,-0.0,0.0195453,0.0195452,0.0195452
0.4614252857863903,0.8623208403587341,-2.872349500656128,0.01211384404450655,0.4041338860988617,0.008677690289914608,0.0,0.0195453,0.0195452,0.0195452
0.09166881442070007,0.44826310500502586,-0.5749720335006714,0.0014654253609478474,0.2023933231830597,-0.0006141614285297692,0.0,0.0195453,0.0195452,0.0195452
0.06501811742782593,0.5376341342926025,2.024887800216675,0.0026072401087731123,0.5486087799072266,0.0009650611318647861,0.0,0.0195453,0.0195452,0.0195452
0.3991415500640869,0.5992870256304741,0.5016745328903198,0.0010000000474974513,0.795953094959259,0.0004870884586125612,0.0,0.0195453,0.0195452,0.0195452
0.24639731645584106,0.46292685344815254,-2.965038776397705,0.01235976442694664,0.6331771016120911,0.0015045014442875981,-0.0,0.0195453,0.0195452,0.0195452
0.17505741119384766,0.8375151455402374,-0.370792418718338,0.008259248919785023,0.9565157294273376,-0.0018611181294545531,-0.0,0.0195453,0.0195452,0.0195452
0.7447961717844009,0.5292118899524212,0.04484523832798004,0.0011829228606075048,0.1431160867214203,0.0008089863695204258,-0.0,0.0195453,0.0195452,0.0195452
0.7478038221597672,0.8484316468238831,-1.987159013748169,0.01188457291573286,0.09682879596948624,-0.001814684714190662,0.0,0.0195453,0.0195452,0.0195452
0.8709405362606049,0.8825788497924805,1.7479581832885742,0.009959329850971699,0.8049545884132385,0.00033829823951236904,0.0,0.0195453,0.0195452,0.0195452
0.5089774774387479,0.9774920046329498,-0.8396776914596558,0.014041591435670853,0.7947654724121094,0.009999999776482582,0.0,0.0195453,0.0195452,0.0195452
0.5687060132622719,0.2140318751335144,-0.7475728392601013,0.016978390514850616,0.4092741012573242,-0.005435886327177286,-0.0,0.0195453,0.0195452,0.0195452
0.18125581741333008,0.2632102519273758,-1.9831314086914062,0.0010000000474974513,0.20142574608325958,-0.0002418261137790978,-0.0,0.0195453,0.0195452,0.0195452
0.9215069115161896,0.09686094522476196,2.720886707305908,0.0010962489759549499,0.5135347843170166,-0.0007148555596359074,0.0,0.0195453,0.0195452,0.0195452
0.47300644405186176,0.7505355179309845,-0.3658827543258667,0.010484335012733936,0.7104828953742981,-0.005281520076096058,0.0,0.0195453,0.0195452,0.0195452
0.46488887444138527,0.5772567763924599,-0.9004641175270081,0.0071506500244140625,0.644849956035614,-0.0009020289871841669,-0.0,0.0195453,0.0195452,0.0195452
0.13858675956726074,0.5645743757486343,2.579010486602783,0.0010078767081722617,0.2151700258255005,0.0010078767081722617,0.0,0.0195453,0.0195452,0.0195452
0.6633415520191193,0.42392201721668243,-0.09122144430875778,0.004515504464507103,0.17610755562782288,0.0030347181018441916,-0.0,0.0195453,0.0195452,0.0195452
0.7740698754787445,0.8620609641075134,1.8838555812835693,0.007890633307397366,0.9667264223098755,-0.0015193435829132795,-0.0,0.0195453,0.0195452,0.0195452
0.5891890972852707,0.7453666627407074,0.5947970747947693,0.0032224624883383512,0.15997661650180817,0.0012776379007846117,0.0,0.0195453,0.0195452,0.0195452
0.5833561941981316,0.48836803436279297,-0.9330070614814758,0.019999999552965164,0.6820092797279358,0.0070464215241372585,-0.0,0.0195453,0.0195452,0.0195452
0.4548681937158108,0.2581062763929367,2.9409103393554688,0.019265195354819298,0.05310861021280289,0.0012707842979580164,0.0,0.0195453,0.0195452,0.0195452
0.9541545212268829,0.6994954943656921,0.19268417358398438,0.010979801416397095,0.09760945290327072,0.003381625283509493,-0.0,0.0195453,0.0195452,0.0195452
0.9947085380554199,0.6754893362522125,1.0005985498428345,0.0010000000474974513,0.2708229720592499,-0.0008599210996180773,0.0,0.0195453,0.0195452,0.0195452
0.12133315205574036,0.5967687591910362,-0.08379913866519928,0.0010000000474974513,0.10186030715703964,-0.0002744738885667175,-0.0,0.0195453,0.0195452,0.0195452
0.9751319587230682,0.1568823754787445,-0.6725236773490906,0.013348906300961971,0.2917214334011078,-0.00013777737331110984,0.0,0.0195453,0.0195452,0.0195452
0.2629361152648926,0.1908026933670044,0.20370981097221375,0.009961776435375214,0.7097411155700684,0.007101103197783232,0.0,0.0195453,0.0195452,0.0195452
0.8518252670764923,0.9523302614688873,-1.9555412530899048,0.019259480759501457,0.4160977602005005,-0.00742915878072381,0.0,0.0195453,0.0195452,0.0195452
0.5942924246191978,0.6521766185760498,-0.9337862133979797,0.0010000000474974513,0.7954623699188232,0.0010000000474974513,0.0,0.0195453,0.0195452,0.0195452
0.756866842508316,0.6876720786094666,-0.265034556388855,0.008887032978236675,0.08496693521738052,0.0021847470197826624,0.0,0.0195453,0.0195452,0.0195452
0.12264230847358704,0.553801417350769,-1.866327166557312,0.0010000000474974513,1.0,0.0006551926489919424,-0.0,0.0195453,0.0195452,0.0195452
0.5809258073568344,0.6509989649057388,-2.800311326980591,0.00360904005356133,0.5098998546600342,0.0027300941292196512,-0.0,0.0195453,0.0195452,0.0195452
0.9975510835647583,0.5744915306568146,2.5185487270355225,0.0027356238570064306,0.1615484058856964,0.0012727370485663414,0.0,0.0195453,0.0195452,0.0195452
0.3655250817537308,0.7648608684539795,-2.7245030403137207,0.0010000000474974513,0.21797621250152588,-0.0010000000474974513,-0.0,0.0195453,0.0195452,0.0195452
0.5183231439441442,0.44036244973540306,2.265521764755249,0.0010000000474974513,0.6794778108596802,0.0006182639044709504,0.0,0.0195453,0.0195452,0.0195452
0.08895429968833923,0.5288600139319897,-1.1021431684494019,0.0010000000474974513,0.0720343291759491,-0.0010000000474974513,-0.0,0.0195453,0.0195452,0.0195452
0.7708331942558289,0.2814228683710098,-3.7568411827087402,0.0020223299507051706,0.2713530957698822,-0.0009024697355926037,0.0,0.0195453,0.0195452,0.0195452
0.24125686287879944,0.4456602931022644,-2.652611255645752,0.004853248130530119,0.7044264674186707,-0.0017195407999679446,0.0,0.0195453,0.0195452,0.0195452
0.07469207048416138,0.8200779855251312,-0.3544978201389313,0.0010000000474974513,0.060141727328300476,0.0007141054957173765,-0.0,0.0195453,0.0195452,0.0195452
0.7031206786632538,0.2931940108537674,-0.2770354747772217,0.019107216969132423,0.6690513491630554,-0.002284443471580744,-0.0,0.0195453,0.0195452,0.0195452
0.458127461373806,0.04818660020828247,2.203580141067505,0.019999999552965164,0.7078578472137451,-0.002465157536789775,0.0,0.0195453,0.0195452,0.0195452
0.23250940442085266,0.31200747191905975,-2.9260990619659424,0.01500646211206913,0.4524815082550049,-0.0007616003276780248,0.0,0.0195453,0.0195452,0.0195452
0.6681188941001892,0.6720429807901382,2.8874030113220215,0.001670630183070898,0.505187451839447,0.0006004830938763916,0.0,0.0195453,0.0195452,0.0195452
0.3497459143400192,0.2120114266872406,1.6407335996627808,0.003165663219988346,0.08115558326244354,-0.0022339944262057543,-0.0,0.0195453,0.0195452,0.0195452
0.08422550559043884,0.35811610519886017,1.4263324737548828,0.002437903778627515,0.151314839720726,-4.554176484816708e-05,-0.0,0.0195453,0.0195452,0.0195452
0.3371302932500839,0.6167002096772194,0.2917255759239197,0.0027198498137295246,0.2642764747142792,0.0027198498137295246,-0.0,0.0195453,0.0195452,0.0195452
0.5176683738827705,0.45795973762869835,0.5295127630233765,0.004790373146533966,0.5098770260810852,0.0013204063288867474,0.0,0.0195453,0.0195452,0.0195452
0.2738104313611984,0.8860346376895905,1.262825846672058,0.0010000000474974513,0.9774832129478455,-0.00031097675673663616,-0.0,0.0195453,0.0195452,0.0195452
0.6713123172521591,0.30137066543102264,0.6923465728759766,0.0010000000474974513,0.42689278721809387,0.0010000000474974513,0.0,0.0195453,0.0195452,0.0195452
0.14199844002723694,0.483598954975605,-1.2465423345565796,0.0010000000474974513,0.6765748262405396,-0.0009321330580860376,0.0,0.0195453,0.0195452,0.0195452
0.574846476316452,0.5202940087765455,2.6464412212371826,0.0035311582032591105,0.3679686486721039,0.0007217086385935545,0.0,0.0195453,0.0195452,0.0195452
0.967260479927063,0.5652361139655113,1.665433645248413,0.0010000000474974513,0.43368253111839294,-0.0010000000474974513,-0.0,0.0195453,0.0195452,0.0195452
0.7299201339483261,0.1396104097366333,-0.6834772229194641,0.004767577163875103,0.3149820864200592,-0.001391672296449542,0.0,0.0195453,0.0195452,0.0195452
0.2718352973461151,0.4441760592162609,2.513840436935425,0.0010000000474974513,0.3807736337184906,-0.000223781171371229,0.0,0.0195453,0.0195452,0.0195452
0.026222407817840576,0.23781338334083557,2.878871440887451,0.01152960117906332,0.33519017696380615,-0.001055041910149157,0.0,0.0195453,0.0195452,0.0195452
0.9288492798805237,0.560023095458746,1.3990029096603394,0.0016192729817703366,0.08759291470050812,0.0008488254970870912,0.0,0.0195453,0.0195452,0.0195452
0.8940703868865967,0.955641359090805,1.6131585836410522,0.015451150946319103,0.8159649968147278,-0.006078229285776615,0.0,0.0195453,0.0195452,0.0195452
0.6365727931261063,0.6623153388500214,-2.1394402980804443,0.00684015080332756,0.5763017535209656,0.0015516029670834541,-0.0,0.0195453,0.0195452,0.0195452
0.6366988271474838,0.3541249930858612,2.2989585399627686,0.01597359962761402,0.7490231990814209,0.0009782033739611506,0.0,0.0195453,0.0195452,0.0195452
0.9424632489681244,0.23602166771888733,1.710334062576294,0.0010000000474974513,0.6548426151275635,-0.0010000000474974513,0.0,0.0195453,0.0195452,0.0195452
0.7604690492153168,0.896612286567688,0.2883194386959076,0.004644311033189297,0.05359729006886482,0.002668657572939992,0.0,0.0195453,0.0195452,0.0195452
0.8358841240406036,0.013758301734924316,-2.1457676887512207,0.0046303533017635345,0.4726147949695587,0.0008535351371392608,0.0,0.0195453,0.0195452,0.0195452
0.8717885315418243,0.9675885438919067,-1.9448587894439697,0.012122082524001598,0.333420068025589,0.009226745925843716,0.0,0.0195453,0.0195452,0.0195452
0.9494900703430176,0.3691817373037338,-1.2237534523010254,0.0011137669207528234,0.5447211265563965,-0.0011137669207528234,0.0,0.0195453,0.0195452,0.0195452
0.8483740985393524,0.7738056182861328,-1.9137942790985107,0.0010000000474974513,0.2591407597064972,0.0010000000474974513,-0.0,0.0195453,0.0195452,0.0195452
0.8309319913387299,0.4280717149376869,-0.9244257211685181,0.014761901460587978,0.8079789876937866,-0.009631994180381298,0.0,0.0195453,0.0195452,0.0195452
0.985133022069931,0.5430326648056507,-2.421908378601074,0.003593013621866703,0.22897551953792572,-0.00011000713857356459,0.0,0.0195453,0.0195452,0.0195452
0.7005602121353149,0.530225059017539,-2.657188892364502,0.002359718317165971,0.09255655854940414,-0.002359718317165971,-0.0,0.0195453,0.0195452,0.0195452
0.0825091004371643,0.6707837730646133,0.9395036697387695,0.0033923566807061434,0.31553325057029724,-0.001035743043757975,0.0,0.0195453,0.0195452,0.0195452
0.6390430927276611,0.7819876372814178,0.16979919373989105,0.007895217277109623,0.6999232769012451,-0.005183778237551451,-0.0,0.0195453,0.0195452,0.0195452
0.09095597267150879,0.2546961158514023,0.9409305453300476,0.008494887501001358,0.7772380113601685,0.001428997959010303,-0.0,0.0195453,0.0195452,0.0195452
0.05198982357978821,0.5040608490817249,2.29770827293396,0.0010000000474974513,0.43911489844322205,0.0010000000474974513,-0.0,0.0195453,0.0195452,0.0195452
0.39771533757448196,0.6113167032599449,-2.2462563514709473,0.002183506963774562,0.3468448221683502,0.002183506963774562,-0.0,0.0195453,0.0195452,0.0195452
0.19651979207992554,0.11792111396789551,-1.1098352670669556,0.003436571918427944,0.502776026725769,0.0013277106918394566,-0.0,0.0195453,0.0195452,0.0195452
0.8866459429264069,0.9919498264789581,2.4301156997680664,0.003343586577102542,0.2858847677707672,-0.0005376659100875258,0.0,0.0195453,0.0195452,0.0195452
0.7439431846141815,0.5938773974776268,-1.8387893438339233,0.0027140213642269373,0.09938687086105347,-0.0017273103585466743,0.0,0.0195453,0.0195452,0.0195452
0.06900525093078613,0.9089092016220093,-1.115304946899414,0.004438754636794329,0.6527788639068604,0.00036980098229832947,-0.0,0.0195453,0.0195452,0.0195452
0.8840207755565643,0.0149478018283844,-1.6764194965362549,0.003268372965976596,0.2557540237903595,-0.0019640217069536448,0.0,0.0195453,0.0195452,0.0195452
0.7047667056322098,0.668330729007721,2.3194010257720947,0.0010000000474974513,0.12055471539497375,0.0010000000474974513,-0.0,0.0195453,0.0195452,0.0195452
0.4015177935361862,0.04029074311256409,1.009894847869873,0.004605439025908709,0.6101541519165039,0.004605439025908709,0.0,0.0195453,0.0195452,0.0195452
0.33064402639865875,0.6439425349235535,-1.2613117694854736,0.0010000000474974513,0.578774631023407,-0.0009352780180051923,0.0,0.0195453,0.0195452,0.0195452
0.7240899950265884,0.11277642846107483,-2.620647668838501,0.0018767237197607756,0.41537201404571533,0.00040702009573578835,-0.0,0.0195453,0.0195452,0.0195452
0.07203507423400879,0.25269459187984467,-1.9193153381347656,0.001148741226643324,0.05325385555624962,-0.000905805267393589,0.0,0.0195453,0.0195452,0.0195452
0.4358067065477371,0.31290826201438904,0.07432329654693604,0.019999999552965164,0.7276307940483093,0.008961825631558895,-0.0,0.0195453,0.0195452,0.0195452
0.7154280692338943,0.8976209759712219,-2.640566110610962,0.0010000000474974513,0.18398286402225494,-0.0010000000474974513,-0.0,0.0195453,0.0195452,0.0195452
0.4205939695239067,0.7437361627817154,1.2092925310134888,0.0010000000474974513,0.465933233499527,-0.0010000000474974513,0.0,0.0195453,0.0195452,0.0195452
0.5592730343341827,0.051579952239990234,0.5316054224967957,0.013684211298823357,0.8372236490249634,0.0012113047996535897,0.0,0.0195453,0.0195452,0.0195452
0.89625683426857,0.03482931852340698,2.316570520401001,0.003496082266792655,0.30718404054641724,0.0009684665128588676,-0.0,0.0195453,0.0195452,0.0195452
0.6072394698858261,0.34082628786563873,1.406032681465149,0.015402436256408691,0.1662142127752304,-0.003589991480112076,-0.0,0.0195453,0.0195452,0.0195452
0.3365781754255295,0.791702151298523,1.0538957118988037,0.015163748525083065,0.8704227209091187,0.0036191181279718876,0.0,0.0195453,0.0195452,0.0195452
0.9232574701309204,0.1999136209487915,1.2163993120193481,0.00354789849370718,0.8805942535400391,0.0022339520510286093,0.0,0.0195453,0.0195452,0.0195452
0.5100162336602807,0.767922967672348,-0.3661423325538635,0.017870506271719933,0.30299505591392517,0.0005468236049637198,-0.0,0.0195453,0.0195452,0.0195452
0.998195618391037,0.16352030634880066,0.5696731805801392,0.00409502349793911,0.6197905540466309,0.00409502349793911,0.0,0.0195453,0.0195452,0.0195452
0.5502747632563114,0.08200612664222717,0.3327905237674713,0.011654617264866829,0.32919102907180786,0.0016128059942275286,-0.0,0.0195453,0.0195452,0.0195452
0.28192374110221863,0.07257378101348877,0.13299834728240967,0.0010000000474974513,0.8858651518821716,-0.0010000000474974513,0.0,0.0195453,0.0195452,0.0195452
0.13865768909454346,0.36882539093494415,-3.0597643852233887,0.004313457757234573,0.6635913848876953,-0.0005751463468186557,0.0,0.0195453,0.0195452,0.0195452
0.2472878396511078,0.12016028165817261,3.032508134841919,0.0020835876930505037,0.08095967024564743,0.0020835876930505037,0.0,0.0195453,0.0195452,0.0195452
0.5731048434972763,0.21270519495010376,1.390682339668274,0.019999999552965164,0.5050799250602722,0.006000396329909563,0.0,0.0195453,0.0195452,0.0195452
0.7670513391494751,0.014423996210098267,0.88349449634552,0.019632471725344658,0.3982124924659729,0.005186682567000389,-0.0,0.0195453,0.0195452,0.0195452
0.954305112361908,0.47311004996299744,-1.390691876411438,0.019999999552965164,0.535168468952179,-0.005420198198407888,0.0,0.0195453,0.0195452,0.0195452
0.29477252066135406,0.20507687330245972,-3.3612515926361084,0.0010000000474974513,0.8602647185325623,0.0005404783296398818,0.0,0.0195453,0.0195452,0.0195452
0.09942230582237244,0.7256434112787247,1.7486398220062256,0.0016465928638353944,0.21063654124736786,0.0015846958849579096,-0.0,0.0195453,0.0195452,0.0195452
0.5228795185685158,0.8586618304252625,1.9763808250427246,0.017943445593118668,0.31192198395729065,0.007403214927762747,0.0,0.0195453,0.0195452,0.0195452
0.21550974249839783,0.6421041637659073,1.6598541736602783,0.0010000000474974513,0.9885713458061218,-0.0010000000474974513,-0.0,0.0195453,0.0195452,0.0195452
0.3935917019844055,0.9331170916557312,-2.4974591732025146,0.0076177832670509815,0.5819164514541626,0.0024046790786087513,0.0,0.0195453,0.0195452,0.0195452
0.88121098279953,0.7717683017253876,-1.2366710901260376,0.0010000000474974513,0.17809408903121948,-0.0010000000474974513,-0.0,0.0195453,0.0195452,0.0195452
0.22380715608596802,0.6333498954772949,0.5460112690925598,0.013174566440284252,0.8464682102203369,-0.0004452544671948999,0.0,0.0195453,0.0195452,0.0195452
0.8231013417243958,0.9247340559959412,0.6219866871833801,0.005461074877530336,0.13325880467891693,-0.00035096073406748474,0.0,0.0195453,0.0195452,0.0195452
0.34613868594169617,0.9998818337917328,-2.120936155319214,0.0037065318319946527,0.7841950058937073,0.0037065318319946527,0.0,0.0195453,0.0195452,0.0195452
0.24198856949806213,0.9540773332118988,-1.3243110179901123,0.019999999552965164,0.9955596327781677,-0.0006272494210861623,0.0,0.0195453,0.0195452,0.0195452
0.09668737649917603,0.9851998388767242,2.0005671977996826,0.004731359891593456,0.3360041677951813,0.004488616716116667,0.0,0.0195453,0.0195452,0.0195452
0.06855389475822449,0.7628186941146851,-2.1305596828460693,0.014653237536549568,0.9604228138923645,-0.0036613508127629757,-0.0,0.0195453,0.0195452,0.0195452
0.632428303360939,0.5415471568703651,1.4653661251068115,0.006235426291823387,0.8899053931236267,0.0004877877654507756,0.0,0.0195453,0.0195452,0.0195452
0.7137803733348846,0.8449253737926483,-2.162376642227173,0.0010000000474974513,0.6100683212280273,-0.0010000000474974513,-0.0,0.0195453,0.0195452,0.0195452
0.4044100195169449,0.34033289551734924,0.68820720911026,0.019999999552965164,0.3934365212917328,0.0088763777166605,0.0,0.0195453,0.0195452,0.0195452
0.3681561201810837,0.05576673150062561,0.7915318608283997,0.019999999552965164,0.32403963804244995,0.004677437245845795,-0.0,0.0195453,0.0195452,0.0195452
0.8410995304584503,0.8341661989688873,-2.696279287338257,0.01712353713810444,0.4478745460510254,0.005344977602362633,-0.0,0.0195453,0.0195452,0.0195452
0.529794292524457,0.6260605752468109,0.5981667041778564,0.004208371043205261,0.4476281404495239,0.00037812182563357055,-0.0,0.0195453,0.0195452,0.0195452
0.2207355499267578,0.05899396538734436,-0.8566265106201172,0.0019791689701378345,0.8753666877746582,0.000861887529026717,-0.0,0.0195453,0.0195452,0.0195452
0.6009749099612236,0.8680894076824188,2.2657198905944824,0.0010000000474974513,0.13750015199184418,0.0004777520371135324,0.0,0.0195453,0.0195452,0.0195452
0.05769491195678711,0.35876259207725525,-1.29862642288208,0.0010000000474974513,0.15472297370433807,0.0009847215842455626,-0.0,0.0195453,0.0195452,0.0195452
0.7484681159257889,0.6227605789899826,1.36117422580719,0.004466261714696884,0.5904963612556458,0.003031704807654023,0.0,0.0195453,0.0195452,0.0195452
0.1630191206932068,0.024050027132034302,-0.32611528038978577,0.009443385526537895,0.8152341246604919,0.002446477534249425,0.0,0.0195453,0.0195452,0.0195452
0.9905393123626709,0.30196428298950195,-1.287434458732605,0.01864364929497242,0.30482545495033264,0.0015991138061508536,0.0,0.0195453,0.0195452,0.0195452
0.028117388486862183,0.292034313082695,2.190049648284912,0.0029664291068911552,0.19641055166721344,-0.0013726751785725355,-0.0,0.0195453,0.0195452,0.0195452
0.9867347478866577,0.4851222140714526,0.9466496109962463,0.001340317539870739,0.1184132769703865,-0.001340317539870739,0.0,0.0195453,0.0195452,0.0195452
0.49349314207211137,0.34051719307899475,2.2845146656036377,0.00687108701094985,0.47320064902305603,0.0037140350323170424,-0.0,0.0195453,0.0195452,0.0195452
0.4974309091921896,0.9945698082447052,-0.6137718558311462,0.0020323432981967926,0.25839683413505554,-0.0012215629685670137,0.0,0.0195453,0.0195452,0.0195452
0.47031867504119873,0.8493973016738892,-2.747066020965576,0.019999999552965164,0.07724685221910477,0.000581960310228169,0.0,0.0195453,0.0195452,0.0195452
0.38287705928087234,0.4969794498756528,-2.683872699737549,0.004827698692679405,0.19276446104049683,-0.003968140110373497,-0.0,0.0195453,0.0195452,0.0195452
0.9664066433906555,0.6613555997610092,1.2689989805221558,0.007094856351613998,0.3857688307762146,0.0008337409817613661,0.0,0.0195453,0.0195452,0.0195452
0.21608340740203857,0.7066409438848495,2.355224847793579,0.007231239229440689,0.20399494469165802,0.001917671994306147,0.0,0.0195453,0.0195452,0.0195452
0.9576832056045532,0.23559075593948364,2.028468370437622,0.002980090444907546,0.15199513733386993,0.002980090444907546,0.0,0.0195453,0.0195452,0.0195452
0.0946354866027832,0.4134506657719612,2.6418449878692627,0.014953269623219967,0.9183193445205688,0.0016216596122831106,-0.0,0.0195453,0.0195452,0.0195452
0.482072114944458,0.3355579972267151,-0.7949060797691345,0.005172315519303083,0.41081851720809937,0.0005564710008911788,-0.0,0.0195453,0.0195452,0.0195452
0.03766739368438721,0.6948202103376389,0.10266383737325668,0.019999999552965164,0.5162282586097717,-0.0011965192388743162,0.0,0.0195453,0.0195452,0.0195452
0.23700624704360962,0.8355236947536469,-3.0696892738342285,0.003530648071318865,0.4519912302494049,0.0013945356477051973,-0.0,0.0195453,0.0195452,0.0195452
0.17403769493103027,0.7034554779529572,-2.9899115562438965,0.006037687882781029,0.1832129955291748,0.00022228181478567421,-0.0,0.0195453,0.0195452,0.0195452
0.18821260333061218,0.20683369040489197,-2.569810628890991,0.0014764760853722692,0.5289242267608643,-0.00015837568207643926,0.0,0.0195453,0.0195452,0.0195452
0.35544802248477936,0.19893157482147217,0.7662120461463928,0.014951108954846859,0.588068962097168,-0.00496265385299921,0.0,0.0195453,0.0195452,0.0195452
0.8085026443004608,0.9590047001838684,1.554571509361267,0.003442988498136401,0.23730328679084778,0.0019290191121399403,-0.0,0.0195453,0.0195452,0.0195452
0.46078917011618614,0.6036776974797249,2.192257881164551,0.0010000000474974513,0.39567869901657104,-0.0010000000474974513,-0.0,0.0195453,0.0195452,0.0195452
0.3643447309732437,0.6802124977111816,0.5045384764671326,0.0187661312520504,0.5683928728103638,0.005505307111889124,-0.0,0.0195453,0.0195452,0.0195452
0.3747239410877228,0.6478646844625473,-2.6457290649414062,0.006923334673047066,0.4567210078239441,-0.0011847901623696089,-0.0,0.0195453,0.0195452,0.0195452
0.7749431133270264,0.4255276471376419,0.13819272816181183,0.010449621826410294,0.45656153559684753,0.00611436041072011,0.0,0.0195453,0.0195452,0.0195452
0.7319069504737854,0.9985436201095581,0.6016702055931091,0.0022699981927871704,0.08925323933362961,-0.000708273786585778,-0.0,0.0195453,0.0195452,0.0195452
0.8126726448535919,0.5084279803559184,-0.9323328137397766,0.011891254223883152,0.33015480637550354,0.00021296492195688188,-0.0,0.0195453,0.0195452,0.0195452
0.2821364849805832,0.014640569686889648,3.2564163208007812,0.0010000000474974513,0.1553552895784378,-0.00032789024407975376,0.0,0.0195453,0.0195452,0.0195452
0.7708446979522705,0.5304667912423611,0.2795581519603729,0.005146719515323639,0.6190395355224609,0.001866642851382494,0.0,0.0195453,0.0195452,0.0195452
0.010805726051330566,0.6409877389669418,2.7795419692993164,0.003886879188939929,0.6829538941383362,0.003886879188939929,-0.0,0.0195453,0.0195452,0.0195452
0.9718326032161713,0.2744089812040329,-1.2139748334884644,0.01444421149790287,0.64892578125,0.008178445510566235,0.0,0.0195453,0.0195452,0.0195452
0.1435472071170807,0.60540871322155,2.4422643184661865,0.002699353964999318,0.6652658581733704,-5.6447006500093266e-05,-0.0,0.0195453,0.0195452,0.0195452
0.8658963143825531,0.5581242069602013,-1.0274776220321655,0.0019056787714362144,0.9877043962478638,-0.0004495728644542396,0.0,0.0195453,0.0195452,0.0195452
0.4974379613995552,0.6124504283070564,0.3104817867279053,0.0014285409124568105,0.5846908688545227,0.0013650228502228856,-0.0,0.0195453,0.0195452,0.0195452
0.3146312087774277,0.4684470109641552,2.4491920471191406,0.010088232345879078,0.5849577188491821,0.009999999776482582,-0.0,0.0195453,0.0195452,0.0195452
0.4906387347728014,0.7365955263376236,-2.7229723930358887,0.0010000000474974513,0.8040597438812256,-0.0010000000474974513,-0.0,0.0195453,0.0195452,0.0195452
0.4226059094071388,0.4613127261400223,-0.23907995223999023,0.01951557584106922,0.33768826723098755,0.004306594375520945,-0.0,0.0195453,0.0195452,0.0195452
0.23121291399002075,0.8748997151851654,-0.414260596036911,0.0010000000474974513,0.7123103141784668,-0.0010000000474974513,-0.0,0.0195453,0.0195452,0.0195452
0.9968110620975494,0.46583084762096405,-2.0577688217163086,0.002406693296507001,0.45602190494537354,0.0004756431153509766,-0.0,0.0195453,0.0195452,0.0195452
0.29595839977264404,0.8005675375461578,-0.8567180633544922,0.004560103174299002,0.9031432867050171,0.002316660014912486,0.0,0.0195453,0.0195452,0.0195452
0.24161818623542786,0.3415025621652603,1.972822904586792,0.012291745282709599,0.8399462103843689,-0.0007032912108115852,0.0,0.0195453,0.0195452,0.0195452
0.8540902733802795,0.18163952231407166,2.491959571838379,0.008003493770956993,0.14982731640338898,0.0017129945335909724,-0.0,0.0195453,0.0195452,0.0195452
0.687045618891716,0.7870249152183533,2.442903757095337,0.005160285159945488,0.689917266368866,0.004583530593663454,-0.0,0.0195453,0.0195452,0.0195452
0.4464249461889267,0.4506322257220745,-2.5434165000915527,0.0016575830522924662,0.18802577257156372,-0.0014744015643373132,-0.0,0.0195453,0.0195452,0.0195452
0.3755083829164505,0.6577571779489517,-0.45615947246551514,0.0010000000474974513,0.4524255096912384,0.0010000000474974513,-0.0,0.0195453,0.0195452,0.0195452
0.2420860230922699,0.6615734994411469,-2.3402721881866455,0.019999999552965164,0.37709200382232666,0.008665468543767929,0.0,0.0195453,0.0195452,0.0195452
0.44558924064040184,0.6041587367653847,-0.9051002860069275,0.0037846050690859556,0.2624724209308624,-0.0004711344954557717,-0.0,0.0195453,0.0195452,0.0195452
0.12077727913856506,0.8137647807598114,-1.9893155097961426,0.01232805848121643,0.9958154559135437,-0.0014044851996004581,0.0,0.0195453,0.0195452,0.0195452
0.02798640727996826,0.20992806553840637,0.5333970189094543,0.019999999552965164,0.49405574798583984,0.00026021883240900934,0.0,0.0195453,0.0195452,0.0195452
0.22285273671150208,0.002593696117401123,2.136693000793457,0.011807199567556381,0.6252781748771667,0.002614328172057867,0.0,0.0195453,0.0195452,0.0195452
0.825214684009552,0.17192301154136658,-0.6270678639411926,0.0031961703207343817,0.4701140522956848,0.001821543904952705,0.0,0.0195453,0.0195452,0.0195452
0.737964928150177,0.28915777802467346,0.8898134231567383,0.015611886978149414,0.7713624238967896,-0.005878939758986235,-0.0,0.0195453,0.0195452,0.0195452
0.5259655397385359,0.4924461538903415,2.948357343673706,0.002324930625036359,0.13577736914157867,0.0011183962924405932,-0.0,0.0195453,0.0195452,0.0195452
0.9208996295928955,0.19743293523788452,-1.5665318965911865,0.006721785757690668,0.13870348036289215,-0.001371145946905017,0.0,0.0195453,0.0195452,0.0195452
0.17565152049064636,0.4638901501893997,0.7929353713989258,0.007435671519488096,0.8216570615768433,-0.0003243899845983833,0.0,0.0195453,0.0195452,0.0195452
0.599605493247509,0.0735577940940857,-0.9420544505119324,0.005152479745447636,0.589236855506897,0.0016706298338249326,0.0,0.0195453,0.0195452,0.0195452
0.36292724311351776,0.33690887689590454,-1.395286202430725,0.002555771730840206,0.962616503238678,-0.002555771730840206,0.0,0.0195453,0.0195452,0.0195452
0.8878775537014008,0.56076854839921,2.470179796218872,0.0028470614925026894,0.581457257270813,-0.000927467830479145,-0.0,0.0195453,0.0195452,0.0195452
0.15977168083190918,0.11696839332580566,0.2374587208032608,0.014513740316033363,0.3024982511997223,0.0011833877069875598,0.0,0.0195453,0.0195452,0.0195452
0.46378735825419426,0.4518413692712784,2.753303289413452,0.006891732569783926,0.29045531153678894,-3.8258258427958935e-05,-0.0,0.0195453,0.0195452,0.0195452
0.8679193556308746,0.9406781196594238,-1.9128235578536987,0.016058024019002914,0.708335816860199,0.006134658120572567,-0.0,0.0195453,0.0195452,0.0195452
0.6875887811183929,0.2767612338066101,2.9360499382019043,0.007111137267202139,0.6084287762641907,-0.002620843006297946,-0.0,0.0195453,0.0195452,0.0195452
0.887031078338623,0.7779850959777832,2.6891818046569824,0.002777978777885437,0.481914758682251,-0.00025944621302187443,-0.0,0.0195453,0.0195452,0.0195452
0.9147956669330597,0.3464450538158417,1.6509175300598145,0.0033886355813592672,0.2811303734779358,-0.0012977923033758998,-0.0,0.0195453,0.0195452,0.0195452
0.8088279962539673,0.7171858251094818,-1.8802202939987183,0.004789924249053001,0.9920960664749146,-0.00035073873004876077,-0.0,0.0195453,0.0195452,0.0195452
0.453042596578598,0.8707182109355927,0.3019915521144867,0.019999999552965164,0.5955042839050293,-0.009487233124673367,0.0,0.0195453,0.0195452,0.0195452
0.6888938546180725,0.5485091544687748,1.0470619201660156,0.007048798259347677,0.9860097765922546,0.000984226819127798,0.0,0.0195453,0.0195452,0.0195452
0.4761432036757469,0.19291070103645325,-0.18957744538784027,0.0010000000474974513,0.735039472579956,-0.0010000000474974513,-0.0,0.0195453,0.0195452,0.0195452
0.2318326234817505,0.4554804712533951,-2.644359827041626,0.01547858864068985,0.3756166398525238,0.003818561788648367,-0.0,0.0195453,0.0195452,0.0195452
0.6114852800965309,0.011308759450912476,2.5149686336517334,0.0010000000474974513,0.2971142530441284,2.0004959878860973e-05,-0.0,0.0195453,0.0195452,0.0195452
0.5998612269759178,0.18705707788467407,2.9483256340026855,0.0010000000474974513,0.6119598150253296,-0.0006949896342121065,0.0,0.0195453,0.0195452,0.0195452
0.5055676084011793,0.34629887342453003,2.2851805686950684,0.01629125513136387,0.7662785053253174,0.009999999776482582,-0.0,0.0195453,0.0195452,0.0195452
0.6389693319797516,0.05842459201812744,2.2187774181365967,0.011334775947034359,0.27951285243034363,-0.005889655090868473,0.0,0.0195453,0.0195452,0.0195452
0.8033007383346558,0.8590556085109711,1.3710215091705322,0.004264842253178358,0.6479886174201965,0.0021059163846075535,0.0,0.0195453,0.0195452,0.0195452
0.9060772955417633,0.7429992705583572,-2.0086076259613037,0.012321229092776775,0.1436937004327774,0.0020235830452293158,-0.0,0.0195453,0.0195452,0.0195452
0.23770302534103394,0.9103208184242249,2.8855764865875244,0.0041630943305790424,0.14005088806152344,-0.0015916064148768783,0.0,0.0195453,0.0195452,0.0195452
0.03735658526420593,0.8656933307647705,2.2244527339935303,0.016996195539832115,0.268757164478302,0.0024344713892787695,0.0,0.0195453,0.0195452,0.0195452
0.010801732540130615,0.9325799643993378,-1.08638596534729,0.0022446613293141127,0.8470692038536072,1.5650966815883294e-05,0.0,0.0195453,0.0195452,0.0195452
0.21336448192596436,0.013763129711151123,0.8503518104553223,0.008356109261512756,0.6933994889259338,-0.0006472952663898468,-0.0,0.0195453,0.0195452,0.0195452
0.08103558421134949,0.1404018998146057,-0.5016220808029175,0.007288679014891386,0.8808481097221375,0.0024474840611219406,-0.0,0.0195453,0.0195452,0.0195452
0.6700658351182938,0.783828467130661,-0.5362005829811096,0.005432061851024628,0.2169705033302307,-0.0008321501081809402,-0.0,0.0195453,0.0195452,0.0195452
0.42760494351387024,0.9057786166667938,3.1209418773651123,0.003505358938127756,0.14517949521541595,0.0005343398661352694,-0.0,0.0195453,0.0195452,0.0195452
0.8192982375621796,0.8372848629951477,1.107983946800232,0.01470438577234745,0.09867684543132782,0.0024816629011183977,0.0,0.0195453,0.0195452,0.0195452
0.9833463728427887,0.17147451639175415,-2.5779359340667725,0.005189421586692333,0.07925395667552948,-0.0019362695747986436,0.0,0.0195453,0.0195452,0.0195452
0.8946110606193542,0.4603961519896984,1.3726526498794556,0.0074882833287119865,0.14009176194667816,-0.0034083400387316942,0.0,0.0195453,0.0195452,0.0195452
0.7122011333703995,0.9887181520462036,-2.423225164413452,0.0074538434855639935,0.29559385776519775,0.00384370144456625,0.0,0.0195453,0.0195452,0.0195452
0.8394261002540588,0.005565464496612549,-2.8413753509521484,0.007796549703925848,0.4936281144618988,-0.005358221475034952,0.0,0.0195453,0.0195452,0.0195452
0.6463021636009216,0.07302114367485046,2.089754581451416,0.01902811974287033,0.5586110949516296,-0.009983502328395844,0.0,0.0195453,0.0195452,0.0195452
0.2682259678840637,0.601819671690464,-0.3184862732887268,0.003628108650445938,0.5122091770172119,0.0013616483192890882,0.0,0.0195453,0.0195452,0.0195452
0.2542852610349655,0.01271146535873413,2.6415839195251465,0.019999999552965164,0.4938570559024811,0.004463302902877331,-0.0,0.0195453,0.0195452,0.0195452
0.5440250597894192,0.34021954238414764,2.071406602859497,0.004105123691260815,0.5355253219604492,0.0015908358618617058,0.0,0.0195453,0.0195452,0.0195452
0.26776400208473206,0.29883210361003876,-0.3915635347366333,0.0010000000474974513,0.7233096361160278,-0.0010000000474974513,0.0,0.0195453,0.0195452,0.0195452
0.42926905304193497,0.15198013186454773,-0.06870106607675552,0.0010000000474974513,0.289945513010025,-0.0010000000474974513,0.0,0.0195453,0.0195452,0.0195452
0.6264574825763702,0.9213826656341553,-0.09358052909374237,0.001565965125337243,0.539207935333252,0.00017164686869364232,-0.0,0.0195453,0.0195452,0.0195452
0.6385484635829926,0.5004074513853993,2.3186838626861572,0.0017296652076765895,0.0608004555106163,0.001412875484675169,0.0,0.0195453,0.0195452,0.0195452
0.516735877841711,0.738071396946907,-0.779245913028717,0.0016089213313534856,0.6921465992927551,-0.0010499547934159636,0.0,0.0195453,0.0195452,0.0195452
0.3405405431985855,0.06768667697906494,0.7493773698806763,0.0010000000474974513,0.24916663765907288,0.0008646629867143929,-0.0,0.0195453,0.0195452,0.0195452
0.968109130859375,0.31906168162822723,2.039501428604126,0.007562245707958937,0.700778603553772,-0.00615072762593627,0.0,0.0195453,0.0195452,0.0195452
0.3703681081533432,0.9279451668262482,3.173121452331543,0.0052329194732010365,0.15282705426216125,0.0052329194732010365,-0.0,0.0195453,0.0195452,0.0195452
0.7670373618602753,0.98302361369133,0.7405292987823486,0.0034912810660898685,0.5792372226715088,0.0011912764748558402,0.0,0.0195453,0.0195452,0.0195452
0.4199967309832573,0.7522555887699127,-0.46325764060020447,0.011187995783984661,0.4652453362941742,-0.005499279126524925,0.0,0.0195453,0.0195452,0.0195452
0.8701728880405426,0.5669287890195847,-0.7209280133247375,0.001944148214533925,0.5041572451591492,0.001944148214533925,0.0,0.0195453,0.0195452,0.0195452
0.9557205736637115,0.12789621949195862,-0.23781493306159973,0.0041684736497700214,0.647076427936554,0.0012633615406230092,0.0,0.0195453,0.0195452,0.0195452
0.20214366912841797,0.8328874707221985,-1.0237504243850708,0.0038076788187026978,0.9074766039848328,-0.0007053795270621777,-0.0,0.0195453,0.0195452,0.0195452
0.8938143253326416,0.6524144858121872,3.3640997409820557,0.004623442888259888,0.06806148588657379,0.0011910246685147285,0.0,0.0195453,0.0195452,0.0195452
0.8665003180503845,0.0554330050945282,-0.6774105429649353,0.009713872335851192,0.34806278347969055,0.005806849338114262,0.0,0.0195453,0.0195452,0.0195452