0.5386490635573864,0.8279010057449341,-2.40702223777771,0.010037405416369438,0.5085985064506531,-0.006124142091721296,0.14571085572242737,0.832239,0.804721,0.767635
0.3861989453434944,0.22053417563438416,-0.5626012086868286,0.04691069573163986,0.6854822635650635,0.008351357653737068,0.2977665066719055,0.832239,0.804721,0.767635
0.1891491711139679,0.8822735548019409,-1.8611091375350952,0.03759872168302536,0.5676253437995911,-0.000793636660091579,-0.10995734483003616,0.832239,0.804721,0.767635
0.23272138833999634,0.4236355125904083,-0.010390562005341053,0.0299098901450634,0.7408495545387268,-0.012425055727362633,0.26099634170532227,0.832239,0.804721,0.767635
0.1576431691646576,0.8372277021408081,2.1226367950439453,0.03336049243807793,0.5888570547103882,0.00808995682746172,0.016918113455176353,0.832239,0.804721,0.767635
0.5767637714743614,0.6288350373506546,-0.616496741771698,0.019916892051696777,0.6151493191719055,0.00954305287450552,-0.18578536808490753,0.832239,0.804721,0.767635
0.6388331949710846,0.21658968925476074,-2.6155099868774414,0.04331051930785179,0.7317507863044739,-0.013175447471439838,-0.22623158991336823,0.832239,0.804721,0.767635
0.3409357815980911,0.7966902256011963,1.9062626361846924,0.02697267010807991,0.2926337420940399,0.0027699621859937906,0.2859095335006714,0.832239,0.804721,0.767635
0.5234155468642712,0.3834979832172394,0.34444284439086914,0.045843455940485,0.45011064410209656,-0.019204003736376762,0.10521216690540314,0.832239,0.804721,0.767635
0.3388942927122116,0.8778615593910217,-3.123765468597412,0.009999999776482582,0.5602279305458069,-0.00430170726031065,-0.20851808786392212,0.832239,0.804721,0.767635
0.5578215084969997,0.39776868373155594,0.21797481179237366,0.0492066890001297,0.36691150069236755,-0.019265111535787582,0.08917399495840073,0.832239,0.804721,0.767635
0.587212048470974,0.5152322631329298,-1.6676276922225952,0.04150436073541641,0.6966518759727478,0.0019828963559120893,-0.24623368680477142,0.832239,0.804721,0.767635
0.4985563314985484,0.1379932463169098,0.2626826763153076,0.010682445019483566,0.33986005187034607,-0.006489494349807501,-0.13028986752033234,0.832239,0.804721,0.767635
0.25085827708244324,0.5042649172246456,-2.1855337619781494,0.0300492811948061,0.17897607386112213,-0.019758760929107666,-0.026524683460593224,0.832239,0.804721,0.767635
0.6490269005298615,0.5197827368974686,-1.962142825126648,0.031134961172938347,0.5787487030029297,0.01615488901734352,-0.32309430837631226,0.832239,0.804721,0.767635
0.3968205004930496,0.2166546881198883,-2.9742820262908936,0.018749138340353966,0.47925159335136414,0.008413072675466537,-0.10866298526525497,0.832239,0.804721,0.767635
0.5846550539135933,0.2588370144367218,-0.846488356590271,0.03962390124797821,0.7088272571563721,-0.014653286896646023,0.23863708972930908,0.832239,0.804721,0.767635
0.5174217261373997,0.005546391010284424,-0.0770261287689209,0.03244674578309059,0.2832987904548645,0.001304158358834684,0.09400878101587296,0.832239,0.804721,0.767635
0.45898420363664627,0.43396400660276413,2.820681095123291,0.0441332571208477,0.824293851852417,0.009039278142154217,-0.3437161445617676,0.832239,0.804721,0.767635
0.37836674600839615,0.37547778338193893,0.3786082863807678,0.043152980506420135,0.10029339045286179,-0.019999999552965164,-0.26774439215660095,0.775543,0.632878,0.568418
0.6326923370361328,0.32680174708366394,1.2663220167160034,0.048383716493844986,0.40333041548728943,0.014326534233987331,0.25435104966163635,0.775543,0.632878,0.568418
0.7048027217388153,0.18633383512496948,-2.2646520137786865,0.04697568342089653,0.41583579778671265,-0.016154710203409195,0.187886044383049,0.775543,0.632878,0.568418
0.5085405940189958,0.2559007257223129,-0.8173180818557739,0.04084810987114906,0.5976512432098389,-0.01933254487812519,0.1584944874048233,0.775543,0.632878,0.568418
0.4196242094039917,0.6732529699802399,-1.0601359605789185,0.03914432227611542,0.643713116645813,-0.01927248015999794,0.2264949530363083,0.775543,0.632878,0.568418
0.5861363634467125,0.46940564922988415,-0.0031996918842196465,0.015414574183523655,0.4439344108104706,-0.005418949760496616,0.24038651585578918,0.775543,0.632878,0.568418
0.42008763551712036,0.6549747884273529,2.3225600719451904,0.011584187857806683,0.8084071278572083,-0.00929622445255518,0.30460816621780396,0.775543,0.632878,0.568418
0.47174565866589546,0.6824381649494171,-1.68220055103302,0.0123198376968503,0.10701356083154678,-0.0035551097244024277,-0.1046534925699234,0.775543,0.632878,0.568418
0.5822945013642311,0.5884641408920288,-2.7660248279571533,0.01645287498831749,0.12572753429412842,0.010049865581095219,0.1432478278875351,0.775543,0.632878,0.568418
0.15334215760231018,0.8223065137863159,1.8161792755126953,0.03879329934716225,0.11292355507612228,-0.008585285395383835,-0.24866902828216553,0.775543,0.632878,0.568418
0.1461237668991089,0.9402491450309753,0.9695963859558105,0.011038478463888168,0.768315315246582,0.008274691179394722,-0.2060413807630539,0.775543,0.632878,0.568418
0.4618693143129349,0.6283806413412094,2.338902473449707,0.016488492488861084,0.10700798779726028,0.0048170387744903564,0.21538721024990082,0.775543,0.632878,0.568418
0.651542603969574,0.4634597674012184,2.5326662063598633,0.03268132358789444,0.13201846182346344,0.018925117328763008,-0.1932292878627777,0.775543,0.632878,0.568418
0.4861510479822755,0.25548897683620453,-0.585573136806488,0.042093902826309204,0.7885110378265381,-0.01590592972934246,0.2449796199798584,0.775543,0.632878,0.568418
0.28866900503635406,0.4547821879386902,2.8724091053009033,0.041129641234874725,0.10000000149011612,-0.010099340230226517,-0.27940377593040466,0.775543,0.632878,0.568418
0.5059453439898789,0.6089152470231056,-2.2757728099823,0.020860832184553146,0.9494023323059082,-0.001000438816845417,-0.018878646194934845,0.775543,0.632878,0.568418
0.4095537140965462,0.7267258912324905,-1.4839800596237183,0.026822306215763092,0.10224746912717819,-0.009278991259634495,0.13816489279270172,0.775543,0.632878,0.568418
0.6127070486545563,0.6964743435382843,-3.0518875122070312,0.03493892401456833,0.22467485070228577,0.006707756780087948,0.17564910650253296,0.775543,0.632878,0.568418
0.6105578020215034,0.40946152806282043,0.8510705828666687,0.03665013611316681,0.276124507188797,-0.00871692318469286,-0.13314813375473022,0.775543,0.632878,0.568418
0.3526694029569626,0.5276914164423943,0.37883231043815613,0.011820677667856216,0.10554885864257812,-0.006219919770956039,-0.14087128639221191,0.775543,0.632878,0.568418
0.4294096529483795,0.1544531285762787,0.8640024662017822,0.019857537001371384,0.4085809588432312,-0.009031765162944794,0.2681019902229309,0.775543,0.632878,0.568418
0.45130597054958344,0.7273532450199127,0.9028613567352295,0.04168856143951416,0.2871484160423279,-0.011111261323094368,-0.10506009310483932,0.775543,0.632878,0.568418
0.4959421609528363,0.3293434679508209,3.049257278442383,0.020343679934740067,0.10481936484575272,-0.005936779081821442,-0.022879404947161674,0.775543,0.632878,0.568418
0.5511632300913334,0.8463446795940399,0.40535518527030945,0.02059747837483883,0.42907994985580444,-0.004074109252542257,-0.04280169680714607,0.775543,0.632878,0.568418
0.5616577193140984,0.9159078299999237,2.1952173709869385,0.05000000074505806,0.7941185235977173,0.013366865925490856,0.1757752150297165,0.775543,0.632878,0.568418
0.6733714491128922,0.37400445342063904,-0.7949480414390564,0.011012814939022064,0.9367388486862183,0.0012378077954053879,0.2117352932691574,0.775543,0.632878,0.568418
0.5210704375058413,0.27687183022499084,-1.4147239923477173,0.019971800968050957,0.6475422382354736,-0.0003567617095541209,-0.21826115250587463,0.775543,0.632878,0.568418
0.32902733981609344,0.7340383380651474,-2.4868364334106445,0.0232391394674778,0.7992062568664551,-0.011622515507042408,-0.3095738887786865,0.775543,0.632878,0.568418
0.6590307503938675,0.23008951544761658,-1.383504867553711,0.027264468371868134,0.5182906985282898,0.0010568120051175356,-0.09577695280313492,0.775543,0.632878,0.568418
0.7919280827045441,0.7391457706689835,-2.8848702907562256,0.04133397713303566,0.7589484453201294,-0.019227635115385056,0.15717251598834991,0.613616,0.552808,0.671862
0.7749179601669312,0.6828187853097916,-1.4001442193984985,0.048990778625011444,0.7676489949226379,0.01769917644560337,-0.20797060430049896,0.613616,0.552808,0.671862
0.13244527578353882,0.3094833791255951,1.093084454536438,0.030950913205742836,0.8998828530311584,0.017439158633351326,0.1840132623910904,0.613616,0.552808,0.671862
0.7312970906496048,0.820102721452713,-0.13148127496242523,0.048804715275764465,0.6494600772857666,0.009292847476899624,0.2489367127418518,0.613616,0.552808,0.671862
0.8236541450023651,0.8646676242351532,-2.1687710285186768,0.04461684077978134,0.9882814288139343,0.01392337866127491,-0.31913718581199646,0.613616,0.552808,0.671862
0.27033059298992157,0.8260860741138458,2.2864983081817627,0.04334748908877373,0.6818850040435791,-0.013554642908275127,0.10850082337856293,0.613616,0.552808,0.671862
0.7362819910049438,0.8978506028652191,-0.9984814524650574,0.014156744815409184,0.4188571274280548,-0.009615459479391575,-0.23028624057769775,0.613616,0.552808,0.671862
0.9790672361850739,0.3075617700815201,1.443410038948059,0.011205954477190971,0.4430474638938904,-0.0065363552421331406,0.002278262749314308,0.613616,0.552808,0.671862
0.8219008147716522,0.9855094850063324,2.920456647872925,0.04645657539367676,0.5699052214622498,0.008452207781374454,-0.3116025924682617,0.613616,0.552808,0.671862
0.9212089478969574,0.97877037525177,1.7493740320205688,0.04552030563354492,0.9266109466552734,0.006598740816116333,0.3350376784801483,0.613616,0.552808,0.671862
0.5601179897785187,0.2989799380302429,-1.2905488014221191,0.020715799182653427,0.7206418514251709,-0.006995879579335451,-0.2831149995326996,0.613616,0.552808,0.671862
0.07757759094238281,0.7923650741577148,-2.6152570247650146,0.03359004855155945,0.9177325963973999,0.019519593566656113,-0.19862602651119232,0.613616,0.552808,0.671862
0.31644634902477264,0.5336789935827255,0.2139306366443634,0.015681372955441475,0.46923360228538513,0.005666869226843119,-0.22514744102954865,0.613616,0.552808,0.671862
0.6688571721315384,0.8317214548587799,0.3771665692329407,0.038853805512189865,0.8575790524482727,-0.0145480427891016,-0.299640953540802,0.613616,0.552808,0.671862
0.5345027260482311,0.9214250147342682,-3.165297031402588,0.009999999776482582,0.10139989107847214,-0.0006805112352594733,0.230125293135643,0.613616,0.552808,0.671862
0.6442234814167023,0.8859768211841583,-1.9398199319839478,0.018303321674466133,0.8333393335342407,0.0027974231634289026,0.054512351751327515,0.613616,0.552808,0.671862
0.6679675728082657,0.33465856313705444,-2.8115198612213135,0.04062293469905853,0.10380357503890991,0.019999999552965164,0.02587294951081276,0.613616,0.552808,0.671862
0.8557511270046234,0.9308010637760162,-0.06325133144855499,0.04329095780849457,0.2513236999511719,0.012832919135689735,0.0426761768758297,0.613616,0.552808,0.671862
0.9942910969257355,0.8778071999549866,1.7025154829025269,0.03628350421786308,0.33511221408843994,0.004445290192961693,0.32208698987960815,0.613616,0.552808,0.671862
0.6564242839813232,0.9374665915966034,-3.1379201412200928,0.038743749260902405,0.23418958485126495,0.004587627947330475,0.20488642156124115,0.613616,0.552808,0.671862
0.20016929507255554,0.23634690046310425,-3.118375778198242,0.023826483637094498,0.37604349851608276,-0.003578613977879286,0.16572768986225128,0.613616,0.552808,0.671862
0.030314713716506958,0.06637337803840637,-1.6888742446899414,0.034670956432819366,0.314744770526886,-0.009586513973772526,0.24918943643569946,0.613616,0.552808,0.671862
0.13171207904815674,0.5200150273740292,1.1724005937576294,0.02906719781458378,0.2563604712486267,0.013732091523706913,-0.29727840423583984,0.613616,0.552808,0.671862
0.9786770939826965,0.36565108597278595,2.5046565532684326,0.012115715071558952,0.2678367793560028,-0.007891936227679253,0.18238888680934906,0.613616,0.552808,0.671862
0.978212296962738,0.46139227598905563,1.5774297714233398,0.04370492324233055,0.4184832274913788,-0.0019567550625652075,-0.06219163164496422,0.613616,0.552808,0.671862
0.4771428108215332,0.7772284746170044,2.287912607192993,0.009999999776482582,0.7572989463806152,-0.009771838784217834,0.30001771450042725,0.613616,0.552808,0.671862
0.9936919212341309,0.6733499467372894,-0.7251821160316467,0.04229598492383957,0.4221779406070709,0.01978183165192604,-0.24239934980869293,0.613616,0.552808,0.671862
0.38961802423000336,0.6100236549973488,-2.558872938156128,0.02201545052230358,0.5323193669319153,0.015678076073527336,0.07400204986333847,0.613616,0.552808,0.671862
0.012093722820281982,0.013452708721160889,-0.6950121521949768,0.03851476311683655,0.46153801679611206,0.018531812354922295,-0.12364879995584488,0.613616,0.552808,0.671862
0.8435067236423492,0.5851030200719833,-1.0703617334365845,0.04016663879156113,0.6512202024459839,-0.012581156566739082,0.07856936007738113,0.613616,0.552808,0.671862
0.798939973115921,0.3838706687092781,2.9138333797454834,0.018217379227280617,0.917327880859375,-0.000266767485300079,-0.03187114745378494,0.613616,0.552808,0.671862
0.5786632224917412,0.4203566312789917,2.689662218093872,0.013441380113363266,0.2558286190032959,0.00739435525611043,-0.18344326317310333,0.613616,0.552808,0.671862
0.17873167991638184,0.16081446409225464,-1.8806432485580444,0.045632392168045044,0.27843037247657776,-0.0021001158747822046,-0.0633045956492424,0.613616,0.552808,0.671862
0.3808985948562622,0.8622151911258698,-0.06680895388126373,0.009999999776482582,0.7871349453926086,-0.004927961155772209,0.0021287668496370316,0.613616,0.552808,0.671862
0.03240451216697693,0.11502528190612793,-1.1524198055267334,0.0385560542345047,0.7905605435371399,-0.011284011416137218,-0.16563472151756287,0.613616,0.552808,0.671862
0.06871971487998962,0.6902151554822922,-1.8717882633209229,0.05000000074505806,0.49613022804260254,0.010708466172218323,0.3135538101196289,0.613616,0.552808,0.671862
0.9825136661529541,0.2204362154006958,1.6309622526168823,0.04388544335961342,0.8932451009750366,-0.0074843899346888065,-0.008210795931518078,0.613616,0.552808,0.671862
0.07505738735198975,0.6606593728065491,-2.9369728565216064,0.04141850396990776,0.46512919664382935,-0.009438708424568176,-0.33231377601623535,0.613616,0.552808,0.671862
0.19860979914665222,0.32025623321533203,-2.5389480590820312,0.04350706934928894,0.767863392829895,0.01611252687871456,-0.3444398045539856,0.613616,0.552808,0.671862
0.03229629993438721,0.8202796280384064,1.3955082893371582,0.04396870359778404,0.6474553346633911,-0.0011395328911021352,0.3465813994407654,0.613616,0.552808,0.671862
0.8393243253231049,0.6372976750135422,-2.7566370964050293,0.03823613002896309,0.21271811425685883,0.0022092892322689295,0.19118335843086243,0.613616,0.552808,0.671862
0.018463104963302612,0.24456366896629333,-0.1545524001121521,0.010363399982452393,0.8485244512557983,-0.0020232456736266613,-0.32675042748451233,0.613616,0.552808,0.671862
0.9741876125335693,0.9027551710605621,-2.4507040977478027,0.03686153516173363,0.8741282820701599,0.017988255247473717,-0.2055981457233429,0.613616,0.552808,0.671862
0.9661681056022644,0.33742858469486237,2.414327621459961,0.04502393677830696,0.9227648973464966,0.01633547618985176,-0.2940073311328888,0.506109,0.630876,0.701153
0.18057489395141602,0.7559047043323517,2.4001543521881104,0.05000000074505806,0.39495816826820374,0.01685846783220768,-0.2668101489543915,0.506109,0.630876,0.701153
0.8710383772850037,0.16954267024993896,-0.4893375039100647,0.04783818498253822,0.37814584374427795,-0.00757817504927516,-0.09171885251998901,0.506109,0.630876,0.701153
0.7737490832805634,0.17746871709823608,0.3285890221595764,0.042236991226673126,0.15637899935245514,0.013960564509034157,0.23669889569282532,0.506109,0.630876,0.701153
0.8039626479148865,0.24143844842910767,2.0979573726654053,0.04797365516424179,0.6896899342536926,0.018690839409828186,-0.24536871910095215,0.506109,0.630876,0.701153
0.8070805668830872,0.19508758187294006,-0.775470495223999,0.04388098046183586,0.6809640526771545,0.012229878455400467,-0.34655508399009705,0.506109,0.630876,0.701153
0.8960361182689667,0.22719931602478027,2.580988883972168,0.033123720437288284,0.7049511671066284,-0.006585726514458656,0.30723506212234497,0.506109,0.630876,0.701153
0.9156738519668579,0.4260583370923996,-1.4375375509262085,0.049714937806129456,0.12244898825883865,0.01567181944847107,0.1165415495634079,0.506109,0.630876,0.701153
0.3279780149459839,0.5656455904245377,-1.9355530738830566,0.013190077617764473,0.6762223243713379,0.010046273469924927,0.27449408173561096,0.506109,0.630876,0.701153
0.8158920407295227,0.28638313710689545,-0.4396146833896637,0.03991330787539482,0.9890501499176025,0.019097015261650085,0.23533719778060913,0.506109,0.630876,0.701153
0.6609762161970139,0.027154862880706787,-1.0760763883590698,0.05000000074505806,0.6745283007621765,0.016228437423706055,-0.23355484008789062,0.506109,0.630876,0.701153
0.1786104142665863,0.0748957097530365,0.9275076389312744,0.04064897820353508,0.6336170434951782,-0.015876248478889465,0.2049136906862259,0.506109,0.630876,0.701153
0.08686578273773193,0.18059033155441284,-2.9143247604370117,0.009999999776482582,0.21217866241931915,-0.009024626575410366,-0.26216888427734375,0.506109,0.630876,0.701153
0.8712470829486847,0.10453870892524719,0.26629626750946045,0.03627060353755951,0.2662146985530853,0.0022422559559345245,0.2956090271472931,0.506109,0.630876,0.701153
0.15048816800117493,0.6362120658159256,2.943338394165039,0.03443164378404617,0.47653740644454956,-0.00796637311577797,0.11045539379119873,0.506109,0.630876,0.701153
0.29805146157741547,0.8578490316867828,1.8566993474960327,0.034659892320632935,0.5186676383018494,0.00510809663683176,0.02053794451057911,0.506109,0.630876,0.701153
0.9008544981479645,0.7472671866416931,-0.9930698871612549,0.0416550487279892,0.9127975106239319,0.01610865816473961,-0.036201342940330505,0.506109,0.630876,0.701153
0.3356403708457947,0.8363462388515472,2.3552865982055664,0.04503893479704857,0.10000000149011612,0.0025679385289549828,-0.005542818456888199,0.506109,0.630876,0.701153
0.27275168895721436,0.06859090924263,-1.3333593606948853,0.030002214014530182,0.9370839595794678,-0.00674252538010478,-0.2570672631263733,0.506109,0.630876,0.701153
0.3312530368566513,0.06179770827293396,-2.016287326812744,0.018403323367238045,0.6470107436180115,-0.01795753836631775,-0.10015317797660828,0.506109,0.630876,0.701153
0.9265413582324982,0.6530391275882721,-1.0952246189117432,0.03902382031083107,0.631921648979187,-0.00562719302251935,-0.3112853765487671,0.506109,0.630876,0.701153
0.8750210106372833,0.3249005675315857,0.9147925972938538,0.030338501557707787,0.8195865750312805,-0.01861618459224701,-0.20838887989521027,0.506109,0.630876,0.701153
0.7718118131160736,0.123920738697052,2.5540740489959717,0.02036903239786625,0.9851487278938293,0.009851209819316864,-0.31950002908706665,0.506109,0.630876,0.701153
0.9167390763759613,0.3635205924510956,-1.457337737083435,0.01613226719200611,0.834190845489502,-0.014870471321046352,-0.3276230990886688,0.506109,0.630876,0.701153
0.3074437081813812,0.00782233476638794,-0.7017821073532104,0.02909086085855961,0.13076943159103394,0.015585882589221,0.1400289684534073,0.506109,0.630876,0.701153
0.9068734049797058,0.6367581784725189,2.2318031787872314,0.04965651407837868,0.7973659634590149,0.007247860077768564,-0.2896965742111206,0.506109,0.630876,0.701153
0.966520756483078,0.5743676647543907,-3.1716034412384033,0.041300226002931595,0.6474422812461853,-0.008060467429459095,-0.2035529464483261,0.506109,0.630876,0.701153
0.3698456436395645,0.3249268978834152,-0.9460655450820923,0.021133359521627426,0.46219560503959656,-0.010790561325848103,-0.2882919907569885,0.506109,0.630876,0.701153
0.6293060183525085,0.9691708385944366,2.93460750579834,0.0386161282658577,0.655747652053833,0.0061525702476501465,0.19627025723457336,0.506109,0.630876,0.701153
0.39146601408720016,0.02615562081336975,2.084979772567749,0.0340285487473011,0.4327339231967926,-0.010873218066990376,0.1460191011428833,0.506109,0.630876,0.701153
0.9217594563961029,0.9199580252170563,2.688023328781128,0.048042137175798416,0.36941808462142944,0.0015955549897626042,0.3483355939388275,0.506109,0.630876,0.701153
0.8271153569221497,0.4128634184598923,-2.7371017932891846,0.011069300584495068,0.9045414924621582,0.0064408318139612675,-0.03594086319208145,0.506109,0.630876,0.701153
0.7998538911342621,0.29119524359703064,-2.8199431896209717,0.011927497573196888,0.996366560459137,0.0027012769132852554,-0.3354151248931885,0.506109,0.630876,0.701153
0.7158299386501312,0.6863059550523758,-1.448201060295105,0.010674135759472847,0.1457657366991043,0.009061387740075588,-0.15605463087558746,0.506109,0.630876,0.701153
0.1647481918334961,0.10132861137390137,1.5812488794326782,0.047377366572618484,0.5076919198036194,-0.017419958487153053,-0.14066381752490997,0.506109,0.630876,0.701153
0.3227335214614868,0.48490112740546465,-1.7670480012893677,0.04559093341231346,0.16753749549388885,-0.011466638185083866,0.2103944718837738,0.506109,0.630876,0.701153
0.24715536832809448,0.08038914203643799,-2.0008089542388916,0.04358948767185211,0.2857491075992584,-0.007836809381842613,0.10140948742628098,0.506109,0.630876,0.701153
0.6976884603500366,0.006892561912536621,-1.2399110794067383,0.035205498337745667,0.3608090281486511,0.013431322760879993,-0.34603962302207947,0.506109,0.630876,0.701153
0.8234414458274841,0.3062708377838135,-2.452667236328125,0.009999999776482582,0.3358628749847412,0.009999999776482582,0.18531863391399384,0.506109,0.630876,0.701153
0.5421522445976734,0.14674696326255798,1.4565856456756592,0.012217337265610695,0.5623236894607544,0.010508338920772076,0.09824243187904358,0.506109,0.630876,0.701153
0.13498881459236145,0.24344056844711304,0.7324690818786621,0.04372219368815422,0.6994794011116028,-0.018228869885206223,-0.2751081585884094,0.506109,0.630876,0.701153
0.8828774988651276,0.36399275064468384,-2.632535934448242,0.027940282598137856,0.20266224443912506,0.006121186073869467,0.18011783063411713,0.506109,0.630876,0.701153
0.24981874227523804,0.7478922009468079,-2.0459694862365723,0.011977876536548138,0.10020486265420914,-0.003563560778275132,-0.027989353984594345,0.506109,0.630876,0.701153
0.8971744775772095,0.06500592827796936,0.48038795590400696,0.04207807406783104,0.5466408729553223,0.0026117467787116766,0.348371297121048,0.506109,0.630876,0.701153
0.9072120785713196,0.16309410333633423,2.8409109115600586,0.02371297776699066,0.7399636507034302,0.010701742954552174,-0.2709318995475769,0.506109,0.630876,0.701153
0.16195401549339294,0.010427087545394897,-1.2358285188674927,0.033294230699539185,0.6456136107444763,-0.010208741761744022,0.3490658402442932,0.506109,0.630876,0.701153
0.09579446911811829,0.5333138406276703,-1.3361115455627441,0.042789578437805176,0.6127140522003174,0.018635572865605354,-0.22164860367774963,0.506109,0.630876,0.701153
0.038228392601013184,0.2730530649423599,2.4224114418029785,0.05000000074505806,0.3750516474246979,-0.002734859474003315,0.3288729786872864,0.506109,0.630876,0.701153
0.5789658725261688,0.3489532619714737,3.3003365993499756,0.010133322328329086,0.11626024544239044,0.010019264183938503,0.12733960151672363,0.506109,0.630876,0.701153
0.8758518397808075,0.40084323287010193,-3.1545894145965576,0.03883961960673332,0.6504004001617432,0.004112465772777796,0.3315678834915161,0.506109,0.630876,0.701153
0.13100168108940125,0.7123269587755203,-1.1621226072311401,0.01218593679368496,0.36683499813079834,0.008304639719426632,0.1982901394367218,0.506109,0.630876,0.701153
0.8506771922111511,0.28173625469207764,-1.7633882761001587,0.03772430866956711,0.819138765335083,0.008723890408873558,0.09077133238315582,0.506109,0.630876,0.701153
0.8088055551052094,0.06050190329551697,2.796257495880127,0.04858311638236046,0.29073646664619446,0.006610170938074589,-0.3309570550918579,0.506109,0.630876,0.701153
0.06233981251716614,0.2941873371601105,0.9947131276130676,0.03858749195933342,0.2338741272687912,0.016651220619678497,0.07185282558202744,0.506109,0.630876,0.701153
0.8735630512237549,0.06715038418769836,-1.8112033605575562,0.04813676327466965,0.2846442759037018,0.010254353284835815,-0.29406335949897766,0.506109,0.630876,0.701153
0.7549356520175934,0.018103748559951782,0.3594171404838562,0.032714538276195526,0.7141280770301819,-0.00816500186920166,0.3423652648925781,0.506109,0.630876,0.701153
0.015527904033660889,0.5469914898276329,-0.8458610773086548,0.05000000074505806,0.5166682004928589,0.01903805322945118,-0.14849649369716644,0.506109,0.630876,0.701153
0.10305866599082947,0.46285898610949516,-3.01320219039917,0.04844607040286064,0.9628169536590576,0.012354952283203602,0.20168520510196686,0.506109,0.630876,0.701153
0.9507372975349426,0.6281372010707855,-2.2251789569854736,0.011529413983225822,0.6265196800231934,-0.010740420781075954,0.20807228982448578,0.506109,0.630876,0.701153
0.2617328017950058,0.014033973217010498,-2.28647780418396,0.021164545789361,0.26264238357543945,0.01490645669400692,-0.26176726818084717,0.506109,0.630876,0.701153
0.7752247154712677,0.444060068577528,-1.3847507238388062,0.0313132219016552,0.408284068107605,0.0025977478362619877,0.3454477787017822,0.506109,0.630876,0.701153
0.8838646709918976,0.6667870581150055,-2.3310301303863525,0.030578220263123512,0.902332067489624,0.012323932722210884,0.15170623362064362,0.506109,0.630876,0.701153
0.770555168390274,0.07499152421951294,-1.1483482122421265,0.017755143344402313,0.5115150809288025,0.009186428040266037,-0.1601720154285431,0.506109,0.630876,0.701153
0.17461121082305908,0.6690806895494461,1.9248135089874268,0.04107045382261276,0.7405677437782288,-0.00819012988358736,-0.17620506882667542,0.506109,0.630876,0.701153
0.9149713218212128,0.8304460942745209,-1.2802540063858032,0.030918847769498825,0.4617309272289276,-0.008171903900802135,0.33230096101760864,0.506109,0.630876,0.701153
0.7702873647212982,0.20058506727218628,1.3131794929504395,0.0486336350440979,0.5244589447975159,-0.00504669826477766,-0.09561790525913239,0.506109,0.630876,0.701153
0.027699798345565796,0.640662357211113,0.5954502820968628,0.03623113036155701,0.8213433623313904,0.0029042745009064674,0.33588314056396484,0.506109,0.630876,0.701153
0.8917113840579987,0.5376963466405869,2.2113068103790283,0.04188117757439613,0.9786821603775024,0.002447917591780424,-0.14160707592964172,0.506109,0.630876,0.701153
0.660031259059906,0.9851759672164917,2.685957670211792,0.05000000074505806,0.6685338616371155,-0.016275933012366295,-0.20703694224357605,0.506109,0.630876,0.701153
0.9716554284095764,0.7703040838241577,-1.7976967096328735,0.03982561454176903,0.11640559136867523,0.01667233183979988,0.32884150743484497,0.506109,0.630876,0.701153
0.9871455729007721,0.8235861659049988,-2.2443089485168457,0.027889467775821686,0.17639215290546417,-0.013523883186280727,0.14826437830924988,0.506109,0.630876,0.701153
0.08217030763626099,0.45542462542653084,-0.7890616059303284,0.04396061226725578,0.21909503638744354,0.008894340135157108,0.3479914665222168,0.506109,0.630876,0.701153
0.8662782311439514,0.006327301263809204,-1.655680537223816,0.048710186034440994,0.7457298636436462,-0.01634010672569275,-0.2280188798904419,0.506109,0.630876,0.701153
0.8364214897155762,0.1619640290737152,-2.93400239944458,0.019816437736153603,0.35539597272872925,0.005865263752639294,0.25701162219047546,0.506109,0.630876,0.701153
0.8675800859928131,0.7690240144729614,0.013004525564610958,0.041814688593149185,0.2929303050041199,-0.007488412782549858,0.09531314671039581,0.506109,0.630876,0.701153
0.23829776048660278,0.6949027180671692,2.126084089279175,0.03728131949901581,0.7040937542915344,0.010790448635816574,-0.025293845683336258,0.506109,0.630876,0.701153
0.20316502451896667,0.5863193273544312,2.9433069229125977,0.030540233477950096,0.1825055480003357,-0.011119499802589417,0.3477618396282196,0.506109,0.630876,0.701153
0.16985151171684265,0.38031668961048126,-1.1259536743164062,0.03384549170732498,0.28874680399894714,-0.01796705089509487,-0.2705611288547516,0.506109,0.630876,0.701153
0.6968059092760086,0.6956014186143875,0.31499406695365906,0.02544110082089901,0.7354276180267334,0.01404939778149128,0.14127060770988464,0.566585,0.572304,0.654312
0.4146432653069496,0.5203960593789816,-0.48196691274642944,0.012044220231473446,0.9527595043182373,0.00012774026254191995,-0.15035854279994965,0.566585,0.572304,0.654312
0.1147209107875824,0.23757612705230713,0.3844333291053772,0.03989880532026291,0.5416529178619385,0.01041906327009201,0.10783867537975311,0.566585,0.572304,0.654312
0.871456503868103,0.7260339260101318,-2.1868555545806885,0.03331110253930092,0.8797946572303772,0.009146000258624554,0.3027123212814331,0.566585,0.572304,0.654312
0.11522021889686584,0.07326352596282959,-0.13432395458221436,0.0470987968146801,0.10000000149011612,-0.01845238357782364,0.33177393674850464,0.566585,0.572304,0.654312
0.8367324471473694,0.7047157734632492,1.1745984554290771,0.019233236089348793,0.22897548973560333,0.004401670303195715,-0.3221004605293274,0.566585,0.572304,0.654312
0.12434044480323792,0.36343148350715637,-0.4888543486595154,0.024942805990576744,0.654262125492096,0.01553398184478283,0.2245662957429886,0.566585,0.572304,0.654312
0.8487618863582611,0.5682268291711807,-1.7219579219818115,0.03894839808344841,0.310292512178421,-0.016884900629520416,0.17874988913536072,0.566585,0.572304,0.654312
0.09356769919395447,0.07730993628501892,-2.460282325744629,0.031754884868860245,0.5765412449836731,-0.00920447800308466,0.17602026462554932,0.566585,0.572304,0.654312
0.9824958443641663,0.9642868638038635,-2.185681104660034,0.021132199093699455,0.5371153354644775,0.011775584891438484,-0.08860604465007782,0.566585,0.572304,0.654312
0.8783168494701385,0.4753321409225464,3.143019676208496,0.023133667185902596,0.21456795930862427,-0.008754194714128971,-0.30767151713371277,0.566585,0.572304,0.654312
0.608387365937233,0.000657200813293457,-1.4451123476028442,0.022443264722824097,0.8736124634742737,0.012003296054899693,-0.2949329912662506,0.566585,0.572304,0.654312
0.14177396893501282,0.6746467649936676,0.9460545778274536,0.01734057068824768,0.46799635887145996,-0.004508201032876968,-0.2792222797870636,0.566585,0.572304,0.654312
0.06110590696334839,0.2699308842420578,2.849266290664673,0.04223677143454552,0.5457062721252441,-0.016913458704948425,-0.31014543771743774,0.566585,0.572304,0.654312
0.28024648129940033,0.0014470219612121582,0.00595106789842248,0.04608450457453728,0.5320699214935303,-0.009849030524492264,-0.12761043012142181,0.566585,0.572304,0.654312
0.142823725938797,0.4292258322238922,1.820583462715149,0.04325338080525398,0.14528070390224457,0.018527982756495476,-0.08833042532205582,0.566585,0.572304,0.654312
0.5606664158403873,0.9853707253932953,0.13529300689697266,0.042901650071144104,0.7143279314041138,-0.015984434634447098,0.11877282708883286,0.566585,0.572304,0.654312
0.7119062393903732,0.9578393399715424,2.574678897857666,0.026874985545873642,0.9979031085968018,0.014476069249212742,0.18832196295261383,0.566585,0.572304,0.654312
0.3711934834718704,0.9376358389854431,2.384528875350952,0.04358336701989174,0.8814022541046143,-0.010077151469886303,-0.11344290524721146,0.566585,0.572304,0.654312
0.7947389185428619,0.7746262550354004,3.1300270557403564,0.025369705632328987,0.6122804880142212,-0.004226971417665482,0.14823591709136963,0.566585,0.572304,0.654312
0.3520219027996063,0.23361757397651672,-0.2137126475572586,0.04972660541534424,0.10000000149011612,0.00039440018008463085,0.22521613538265228,0.566585,0.572304,0.654312
0.06026953458786011,0.5049981293268502,1.9597877264022827,0.0405256524682045,0.4392646551132202,-0.012110091745853424,0.1534840613603592,0.566585,0.572304,0.654312
0.10687369108200073,0.2767479121685028,3.176180124282837,0.04431531950831413,0.5204797387123108,0.01502116397023201,0.3277035057544708,0.566585,0.572304,0.654312
0.11686331033706665,0.4444797411561012,0.8009809851646423,0.009999999776482582,0.6491496562957764,0.009999999776482582,0.151937335729599,0.566585,0.572304,0.654312
0.07842403650283813,0.12903964519500732,-0.6978117823600769,0.043691668659448624,0.17750343680381775,0.017975343391299248,-0.10334210842847824,0.566585,0.572304,0.654312
0.48130152374505997,0.13817676901817322,2.0728070735931396,0.036101438105106354,0.4275084435939789,0.01645725779235363,-0.052730243653059006,0.566585,0.572304,0.654312
0.4643799141049385,0.008336901664733887,2.6484007835388184,0.04049212485551834,0.7964922189712524,0.01963493414223194,-0.046131432056427,0.566585,0.572304,0.654312
0.002497047185897827,0.9543007612228394,1.9895061254501343,0.01085050217807293,0.17950525879859924,-0.010345926508307457,-0.007592647336423397,0.566585,0.572304,0.654312
0.8266470730304718,0.9281439781188965,0.24918566644191742,0.042265232652425766,0.33315566182136536,-0.01579008810222149,0.20233342051506042,0.566585,0.572304,0.654312
0.9703936874866486,0.751613199710846,1.188913106918335,0.04411507397890091,0.8448365330696106,0.003742123721167445,-0.25661128759384155,0.566585,0.572304,0.654312
0.9301229417324066,0.8821638226509094,-1.8928383588790894,0.03708532080054283,0.2974250614643097,0.017256390303373337,0.3462499678134918,0.566585,0.572304,0.654312
0.07968577742576599,0.5237037111073732,-0.45680108666419983,0.01172055583447218,0.7874599695205688,0.01003164891153574,0.19442297518253326,0.566585,0.572304,0.654312
0.02095741033554077,0.8420250117778778,-1.7178936004638672,0.03682732209563255,0.43013492226600647,-0.00045280938502401114,-0.019139934331178665,0.566585,0.572304,0.654312
0.4647187516093254,0.06725457310676575,1.1672420501708984,0.028734145686030388,0.11719239503145218,0.003225961932912469,-0.052137501537799835,0.566585,0.572304,0.654312
0.1685667335987091,0.4946008715778589,1.211127758026123,0.037067946046590805,0.3403322994709015,0.0029861328657716513,0.1834772527217865,0.566585,0.572304,0.654312
0.061229854822158813,0.6116039976477623,0.5161622762680054,0.02359929494559765,0.8041481971740723,0.0057396977208554745,0.3462197780609131,0.566585,0.572304,0.654312
0.6594447046518326,0.2736714631319046,-2.7856533527374268,0.013485538773238659,0.7205163836479187,0.010582230053842068,0.2821330428123474,0.566585,0.572304,0.654312
0.7157287448644638,0.8707852363586426,-0.624230146408081,0.030398668721318245,0.3953210115432739,0.0004985310370102525,0.3423972725868225,0.566585,0.572304,0.654312
0.006074994802474976,0.7271242290735245,-0.7498269081115723,0.04383242875337601,0.22322475910186768,-0.015005478635430336,0.11895997077226639,0.566585,0.572304,0.654312
0.7958390116691589,0.5200555399060249,-1.9059991836547852,0.04134882614016533,0.8865691423416138,0.005906740203499794,0.31127744913101196,0.566585,0.572304,0.654312
0.3281041979789734,0.3650413751602173,1.1557708978652954,0.04604892060160637,0.4862179458141327,-0.0077394843101501465,0.2915956676006317,0.566585,0.572304,0.654312
0.8645357489585876,0.6324105560779572,1.0468621253967285,0.014085093513131142,0.8602743744850159,0.001453935168683529,-0.32927992939949036,0.566585,0.572304,0.654312
0.22204068303108215,0.984604686498642,-0.745576798915863,0.0457850880920887,0.674720823764801,-0.0001014375447994098,-0.34247887134552,0.566585,0.572304,0.654312
0.5060707246884704,0.5627296715974808,0.4419110417366028,0.019650235772132874,0.13250333070755005,0.00581515533849597,-0.25416824221611023,0.566585,0.572304,0.654312
0.8223186433315277,0.02190345525741577,2.2089595794677734,0.01066832710057497,0.568391740322113,-0.006402845960110426,-0.22508731484413147,0.566585,0.572304,0.654312
0.11888465285301208,0.11645820736885071,1.4400653839111328,0.047954462468624115,0.5015692114830017,-0.0029559407848864794,0.033786408603191376,0.566585,0.572304,0.654312
0.8799262642860413,0.8201511800289154,-3.0430219173431396,0.03645986318588257,0.5902965664863586,0.01846352033317089,-0.2681577801704407,0.566585,0.572304,0.654312
0.2544414848089218,0.9875816404819489,0.41447991132736206,0.011091750115156174,0.9938287734985352,-0.010289641097187996,0.15330193936824799,0.566585,0.572304,0.654312
0.6761777251958847,0.8694005012512207,2.8533623218536377,0.010519931092858315,0.532447338104248,0.009971394203603268,-0.12281126528978348,0.566585,0.572304,0.654312
0.8384362161159515,0.7634068727493286,-0.7227848172187805,0.028490563854575157,0.6715553998947144,-0.016045643016695976,0.3490658402442932,0.566585,0.572304,0.654312
0.6985049545764923,0.766698569059372,0.6008239984512329,0.026323020458221436,0.3227330148220062,-0.011505592614412308,-0.1509038358926773,0.566585,0.572304,0.654312
0.44329962506890297,0.2909388691186905,2.8550913333892822,0.027920003980398178,0.9947721362113953,0.009717808105051517,-0.15587487816810608,0.566585,0.572304,0.654312
0.82437664270401,0.5172963589429855,2.6313517093658447,0.035089217126369476,0.10040038824081421,-0.015747763216495514,-0.2115655541419983,0.566585,0.572304,0.654312
0.11648198962211609,0.042635709047317505,1.9673463106155396,0.03399260714650154,0.6810736060142517,0.005536323878914118,0.12424163520336151,0.566585,0.572304,0.654312
0.46519796177744865,0.562229972332716,1.8624135255813599,0.009999999776482582,0.6838468909263611,0.00485994154587388,-0.05539452284574509,0.566585,0.572304,0.654312
0.3299706429243088,0.6299178451299667,-0.2360682338476181,0.03497616946697235,0.2748628556728363,-0.01654731296002865,0.1481395959854126,0.566585,0.572304,0.654312
0.7825028896331787,0.9776264429092407,-1.901167631149292,0.03534058481454849,0.9612653851509094,-0.008454709313809872,0.34241706132888794,0.566585,0.572304,0.654312
0.05979388952255249,0.011536329984664917,-2.71284818649292,0.04539267346262932,0.9497833251953125,0.004760334733873606,0.12608066201210022,0.566585,0.572304,0.654312
0.17492294311523438,0.9857641458511353,-0.9723065495491028,0.010565180331468582,0.8231450319290161,-0.0034368105698376894,-0.2796487510204315,0.566585,0.572304,0.654312
0.6286322474479675,0.9244231581687927,0.6826106905937195,0.044924747198820114,0.5477475523948669,-0.011961488984525204,-0.3490658402442932,0.566585,0.572304,0.654312
0.82192063331604,0.8435856401920319,-0.7814777493476868,0.011311015114188194,0.10355378687381744,0.0037705886643379927,-0.22317592799663544,0.566585,0.572304,0.654312
0.11491033434867859,0.1733841896057129,2.4468185901641846,0.0198573786765337,0.6249169111251831,-0.0071049705147743225,0.17621231079101562,0.566585,0.572304,0.654312
0.7666092216968536,0.8411461412906647,-1.779677391052246,0.04532293602824211,0.8525101542472839,0.01652223989367485,-0.345986545085907,0.566585,0.572304,0.654312
0.7836786508560181,0.6154733151197433,-2.1368699073791504,0.04612623527646065,0.6410877704620361,-0.00265240715816617,0.32799413800239563,0.566585,0.572304,0.654312
0.026846349239349365,0.1757510006427765,2.4524707794189453,0.01869295723736286,0.31195124983787537,0.009494314901530743,0.1646525263786316,0.566585,0.572304,0.654312
0.06609967350959778,0.5515886731445789,-0.04544071853160858,0.01329446118324995,0.4831759035587311,0.012269475497305393,-0.2815028727054596,0.566585,0.572304,0.654312
0.8970296084880829,0.9931512176990509,-3.044475555419922,0.037362243980169296,0.49700239300727844,-0.00558080617338419,0.3053528666496277,0.566585,0.572304,0.654312
0.21057143807411194,0.6243029534816742,-0.06767537444829941,0.014374880120158195,0.32625338435173035,0.0012934997212141752,-0.2313573807477951,0.566585,0.572304,0.654312
0.17729687690734863,0.7202281057834625,-0.13831549882888794,0.04813327267765999,0.5970127582550049,0.0011875219643115997,0.2896195650100708,0.566585,0.572304,0.654312
0.38124464452266693,0.5885929837822914,-2.3406622409820557,0.023565776646137238,0.8352115750312805,-0.0009834030643105507,-0.007348931860178709,0.566585,0.572304,0.654312
0.1674272119998932,0.32772551476955414,1.7864289283752441,0.040907204151153564,0.8753474354743958,-0.005708935670554638,0.19123072922229767,0.566585,0.572304,0.654312
0.9329827129840851,0.000260770320892334,-2.3666131496429443,0.05000000074505806,0.35583168268203735,-0.018075494095683098,0.27070167660713196,0.566585,0.572304,0.654312
0.875047355890274,0.8635961413383484,-2.7035105228424072,0.02982919104397297,0.13621167838573456,0.015067067928612232,-0.24060258269309998,0.566585,0.572304,0.654312
0.7196178585290909,0.7527538239955902,-2.5122783184051514,0.03528326749801636,0.806201159954071,0.019793957471847534,0.10562747716903687,0.566585,0.572304,0.654312
0.7761127948760986,0.8243986964225769,1.658355951309204,0.04618629813194275,0.2626924514770508,0.012185663916170597,-0.2153921127319336,0.566585,0.572304,0.654312
0.7858408689498901,0.7369428277015686,1.2207636833190918,0.042743001133203506,0.6415488719940186,-0.01016379613429308,0.04326749965548515,0.566585,0.572304,0.654312
0.2111993432044983,0.6963431984186172,-1.501678705215454,0.012977151200175285,0.7410356998443604,-0.007666735909879208,0.21183660626411438,0.566585,0.572304,0.654312
0.7451068162918091,0.9880470931529999,1.9684659242630005,0.03603355586528778,0.5330743789672852,0.014298624359071255,0.06160253286361694,0.566585,0.572304,0.654312
0.8295285701751709,0.47109753265976906,0.483038067817688,0.028961578384041786,0.5439600348472595,0.004025813192129135,-0.03048841841518879,0.433822,0.65428,0.705096
0.185494065284729,0.897930920124054,-2.4458601474761963,0.0274848323315382,0.6011178493499756,-0.018090596422553062,0.09379420429468155,0.433822,0.65428,0.705096
0.22328627109527588,0.6912860721349716,0.1551196426153183,0.011328833177685738,0.19520960748195648,0.004800125956535339,0.3062721788883209,0.433822,0.65428,0.705096
0.2159210741519928,0.290733277797699,0.42858976125717163,0.039327915757894516,0.4168764352798462,0.01675158552825451,-0.3490658402442932,0.433822,0.65428,0.705096
0.9546251595020294,0.1812770664691925,-2.2930006980895996,0.04509369283914566,0.8401853442192078,0.017964713275432587,0.023728540167212486,0.433822,0.65428,0.705096
0.9816573858261108,0.5261777862906456,2.6089093685150146,0.04690627381205559,0.8730894923210144,0.007796289399266243,0.23661771416664124,0.433822,0.65428,0.705096
0.5122382948175073,0.7625149488449097,1.8398613929748535,0.009999999776482582,0.16779457032680511,0.007851227186620235,0.09360416978597641,0.433822,0.65428,0.705096
0.18297502398490906,0.6143462657928467,0.4878455102443695,0.03508720546960831,0.8383199572563171,0.017622817307710648,0.13441336154937744,0.433822,0.65428,0.705096
0.4084498807787895,0.3313474804162979,2.5537853240966797,0.013062943704426289,0.6167500615119934,0.011169695295393467,-0.07465709745883942,0.433822,0.65428,0.705096
0.030942171812057495,0.568291150033474,-1.7403753995895386,0.04557536542415619,0.2611304223537445,0.005163408815860748,-0.1709531545639038,0.433822,0.65428,0.705096
0.21696212887763977,0.896305501461029,1.6029231548309326,0.04825583100318909,0.2839764356613159,-0.012135297991335392,-0.16268008947372437,0.433822,0.65428,0.705096
0.7410434633493423,0.28324510157108307,-0.9282858371734619,0.03776388242840767,0.7930845618247986,-0.016361065208911896,0.1992906928062439,0.433822,0.65428,0.705096
0.20009776949882507,0.8188705444335938,-2.947511672973633,0.01368635706603527,0.19105452299118042,0.01069498248398304,0.23984533548355103,0.433822,0.65428,0.705096
0.7442484945058823,0.07726544141769409,1.343326449394226,0.02051270566880703,0.6424018740653992,0.0038240686990320683,-0.2745661735534668,0.433822,0.65428,0.705096
0.9375571012496948,0.521190956234932,0.6709533929824829,0.05000000074505806,0.26012295484542847,-0.004834580700844526,-0.13535064458847046,0.433822,0.65428,0.705096
0.02640095353126526,0.771845281124115,2.100216865539551,0.040067434310913086,0.7862486839294434,-0.011583591811358929,0.26431164145469666,0.433822,0.65428,0.705096
0.7316437661647797,0.5753089264035225,2.153660297393799,0.04312390089035034,0.5392680168151855,0.0037019613664597273,0.3121512830257416,0.433822,0.65428,0.705096
0.7698019742965698,0.3586292713880539,-0.5897226929664612,0.0389225110411644,0.8145853877067566,0.01999269239604473,-0.12233557552099228,0.433822,0.65428,0.705096
0.33769844472408295,0.9999436736106873,0.9780188202857971,0.011017298325896263,0.11304498463869095,-0.01028568297624588,0.1257777214050293,0.433822,0.65428,0.705096
0.7664343118667603,0.4294950142502785,2.7307941913604736,0.01819288730621338,0.4602016806602478,0.001372958649881184,-0.0532013364136219,0.433822,0.65428,0.705096
0.24656668305397034,0.15019914507865906,1.7809687852859497,0.0497862882912159,0.542043924331665,-0.00014190730871632695,0.3490658402442932,0.433822,0.65428,0.705096
0.9631733000278473,0.09126225113868713,-1.445480227470398,0.030183739960193634,0.6264550089836121,-0.003017341485247016,-0.28892070055007935,0.433822,0.65428,0.705096
0.6345842331647873,0.19416019320487976,1.1435133218765259,0.029864855110645294,0.39051687717437744,0.01645573414862156,0.16842398047447205,0.433822,0.65428,0.705096
0.7017004638910294,0.1489112675189972,2.4426608085632324,0.04548143595457077,0.3649693727493286,-0.014702938497066498,-0.09253507852554321,0.433822,0.65428,0.705096
0.46742700040340424,0.28103433549404144,-1.4366031885147095,0.011472899466753006,0.10033738613128662,0.011448653414845467,0.2126707136631012,0.433822,0.65428,0.705096
0.5394428484141827,0.7679436504840851,0.19011908769607544,0.030068468302488327,0.4244144856929779,-0.010099004954099655,0.05136581137776375,0.433822,0.65428,0.705096
0.20927059650421143,0.3811665177345276,1.844256043434143,0.010892974212765694,0.5474889278411865,0.0098385289311409,-0.1516847461462021,0.433822,0.65428,0.705096
0.20473331212997437,0.5764354318380356,-0.5865674614906311,0.03710639104247093,0.8462149500846863,0.00011017602810170501,-0.2387653887271881,0.433822,0.65428,0.705096
0.12049353122711182,0.8861331641674042,-1.1279648542404175,0.03383859246969223,0.9241504669189453,0.009032071568071842,0.09857907146215439,0.433822,0.65428,0.705096
0.798836886882782,0.33449558913707733,2.057508945465088,0.04202400520443916,0.5956707000732422,0.004426327999681234,0.34581589698791504,0.433822,0.65428,0.705096
0.5474832728505135,0.6416603773832321,-2.768754005432129,0.04361483454704285,0.719371497631073,-0.019356749951839447,0.1615682989358902,0.433822,0.65428,0.705096
0.7345396280288696,0.4803721159696579,-0.28532570600509644,0.04470808804035187,0.4697510898113251,0.008129809983074665,0.06963920593261719,0.433822,0.65428,0.705096
0.1393653154373169,0.7818610966205597,1.288535714149475,0.03936213627457619,0.6698169112205505,0.006896409671753645,0.3328137993812561,0.433822,0.65428,0.705096
0.1841036081314087,0.7275095880031586,-1.3642359972000122,0.010992946103215218,0.915631890296936,0.007181396707892418,-0.3490658402442932,0.433822,0.65428,0.705096
0.670941561460495,0.7328657954931259,1.123395562171936,0.0479123629629612,0.37127313017845154,-0.005206915084272623,-0.06272418797016144,0.433822,0.65428,0.705096
0.628041684627533,0.6722774654626846,0.7457782626152039,0.03167242556810379,0.3032786548137665,0.013256347738206387,-0.282398521900177,0.433822,0.65428,0.705096
0.362162247300148,0.4333823695778847,1.8128302097320557,0.03658880293369293,0.4052044451236725,0.015645192936062813,-0.1938389092683792,0.433822,0.65428,0.705096
0.48370697908103466,0.8957832157611847,2.1017048358917236,0.02120719477534294,0.22406774759292603,-0.005840228404849768,-0.02046431228518486,0.433822,0.65428,0.705096
0.3007710874080658,0.4342302158474922,-1.692251443862915,0.035323578864336014,0.16198360919952393,-0.005189551506191492,-0.08373390883207321,0.433822,0.65428,0.705096
0.7333149611949921,0.618980385363102,0.588074803352356,0.04810872673988342,0.5364099144935608,0.016973836347460747,-0.3490658402442932,0.433822,0.65428,0.705096
0.5164649654179811,0.9827479124069214,1.5860447883605957,0.02232126146554947,0.809560239315033,0.00786367803812027,-0.14612329006195068,0.433822,0.65428,0.705096
0.9078569412231445,0.714723601937294,1.12807297706604,0.05000000074505806,0.46936750411987305,-0.019999999552965164,0.07355784624814987,0.433822,0.65428,0.705096
0.49206373281776905,0.3787771612405777,0.0068857138976454735,0.03690140321850777,0.21263211965560913,0.0004202393174637109,-0.24561268091201782,0.433822,0.65428,0.705096
0.06641680002212524,0.3945399224758148,-2.835350275039673,0.011727848090231419,0.2870907187461853,-0.01032564789056778,-0.003329104045405984,0.433822,0.65428,0.705096
0.9143549501895905,0.12308812141418457,2.309077739715576,0.009999999776482582,0.668990433216095,0.008961064741015434,-0.19005101919174194,0.433822,0.65428,0.705096
0.18615040183067322,0.5315497778356075,1.2762606143951416,0.04707280918955803,0.8628947138786316,0.00828892644494772,-0.29713863134384155,0.433822,0.65428,0.705096
0.9331720471382141,0.5980126485228539,1.8036413192749023,0.026209579780697823,0.8335070610046387,-0.013770085759460926,0.31122133135795593,0.433822,0.65428,0.705096
0.08832302689552307,0.8095645010471344,2.1078755855560303,0.04958733171224594,0.7379587888717651,-0.017222192138433456,-0.21197375655174255,0.433822,0.65428,0.705096
0.06116849184036255,0.6747194081544876,1.2984446287155151,0.011292004957795143,0.280708909034729,-0.008199159055948257,0.018131865188479424,0.433822,0.65428,0.705096
0.5714171826839447,0.1791573166847229,1.0242435932159424,0.040583908557891846,0.6756550073623657,0.014892509207129478,-0.2872551381587982,0.433822,0.65428,0.705096
0.6701556891202927,0.7593863308429718,-1.8960822820663452,0.03504730015993118,0.7713496685028076,0.005535456817597151,0.13994666934013367,0.433822,0.65428,0.705096
0.4975862982682884,0.5140486313030124,-2.7896769046783447,0.013248682022094727,0.24920618534088135,0.0017423646058887243,0.005088679026812315,0.433822,0.65428,0.705096
0.9243781268596649,0.4665152244269848,1.3040660619735718,0.040983010083436966,0.9867555499076843,0.015831846743822098,-0.030758317559957504,0.433822,0.65428,0.705096
0.38173454999923706,0.7723362743854523,-1.4835083484649658,0.04533069580793381,0.8000903725624084,0.0014614120591431856,0.2911151051521301,0.433822,0.65428,0.705096
0.913604199886322,0.28890615701675415,1.11728036403656,0.015192155726253986,0.16944067180156708,0.009518610313534737,0.24453923106193542,0.433822,0.65428,0.705096
0.8795762658119202,0.22820422053337097,1.1358891725540161,0.044635191559791565,0.7600904107093811,-0.018326839432120323,-0.28415563702583313,0.433822,0.65428,0.705096
0.9731939136981964,0.47271120734512806,1.642164945602417,0.04264285787940025,0.5771911144256592,0.005919008981436491,0.2986582815647125,0.433822,0.65428,0.705096
0.9096221923828125,0.3284575194120407,0.8193281292915344,0.037540484219789505,0.25386306643486023,-0.019105514511466026,0.3210024833679199,0.433822,0.65428,0.705096
0.12771320343017578,0.9413876831531525,-0.41388368606567383,0.011078373529016972,0.7326446771621704,-0.003085413482040167,-0.18173591792583466,0.318851,0.355525,0.587901
0.9877128601074219,0.0873769223690033,1.9742436408996582,0.047984953969717026,0.5522025227546692,-0.019942881539463997,0.18463897705078125,0.318851,0.355525,0.587901
0.36804111301898956,0.673803061246872,-2.827056884765625,0.010370906442403793,0.5626373887062073,0.009881402365863323,0.18273036181926727,0.318851,0.355525,0.587901
0.6010561585426331,0.0780261754989624,-2.140672206878662,0.012235579080879688,0.17960111796855927,0.011285560205578804,-0.311246782541275,0.318851,0.355525,0.587901
0.6389240771532059,0.11095070838928223,-2.6098475456237793,0.015115474350750446,0.5728325843811035,0.010770352557301521,-0.2456444501876831,0.318851,0.355525,0.587901
0.09366905689239502,0.929221898317337,-1.6169670820236206,0.02985897660255432,0.8667709827423096,-0.006892363540828228,0.21900798380374908,0.318851,0.355525,0.587901
0.41997355967760086,0.8654881119728088,-2.5932676792144775,0.011492947116494179,0.37007081508636475,0.005906009115278721,0.11845474690198898,0.318851,0.355525,0.587901
0.0790223479270935,0.9790924787521362,-1.4612135887145996,0.010935367085039616,0.9112167358398438,0.005238985642790794,-0.17019474506378174,0.318851,0.355525,0.587901
0.6592963933944702,0.13788634538650513,-2.6177077293395996,0.020286206156015396,0.8587764501571655,0.010358881205320358,-0.01810816489160061,0.318851,0.355525,0.587901
0.25579528510570526,0.22574478387832642,-0.37751856446266174,0.021268103271722794,0.5843805074691772,-0.006111396476626396,0.221438467502594,0.318851,0.355525,0.587901
0.44890371337532997,0.9511112868785858,-1.2370567321777344,0.023107096552848816,0.2771446704864502,-0.001713106408715248,0.3117580711841583,0.365643,0.42187,0.441366
0.380928598344326,0.825568675994873,1.4143345355987549,0.04672444984316826,0.6832237839698792,0.010599411092698574,-0.0023266607895493507,0.365643,0.42187,0.441366
0.31434550881385803,0.3983992785215378,-1.6241734027862549,0.015489263460040092,0.3775046765804291,0.0021048809867352247,0.07276198267936707,0.365643,0.42187,0.441366
0.5114552658051252,0.7344548255205154,-1.6366780996322632,0.043107304722070694,0.10000000149011612,-0.01324030477553606,-0.15914370119571686,0.365643,0.42187,0.441366
0.32597020268440247,0.6870975941419601,1.112072467803955,0.022876419126987457,0.15677529573440552,-0.014958813786506653,-0.2542954683303833,0.365643,0.42187,0.441366
0.46477364376187325,0.3062700182199478,-0.43504688143730164,0.04436340928077698,0.15464064478874207,0.011375509202480316,0.27265995740890503,0.365643,0.42187,0.441366
0.289689838886261,0.72406105697155,-2.8952813148498535,0.031179631128907204,0.10000000149011612,-0.006828987505286932,-0.23256316781044006,0.365643,0.42187,0.441366
0.5185765586793423,0.0644737184047699,-2.744831085205078,0.017319852486252785,0.8284240365028381,0.015500834211707115,0.2851203680038452,0.365643,0.42187,0.441366
0.6742551326751709,0.20298683643341064,1.8717671632766724,0.024659577757120132,0.8389631509780884,0.005190678406506777,-0.004216564819216728,0.365643,0.42187,0.441366
0.42745354771614075,0.38302145153284073,2.954211473464966,0.05000000074505806,0.621516227722168,0.019599877297878265,0.08056727796792984,0.365643,0.42187,0.441366
0.6166004315018654,0.7725510895252228,1.9443590641021729,0.023595601320266724,0.23324662446975708,-0.007723986636847258,-0.21751755475997925,0.365643,0.42187,0.441366
0.3292398452758789,0.1664804220199585,-1.7738622426986694,0.012616807594895363,0.6107048392295837,-0.003524897852912545,0.27149295806884766,0.365643,0.42187,0.441366
0.6766606420278549,0.28374871611595154,1.7295925617218018,0.04580572247505188,0.8206496238708496,-0.016574665904045105,0.23834463953971863,0.365643,0.42187,0.441366
0.4141608774662018,0.8001939058303833,-2.140463352203369,0.020501796156167984,0.671401858329773,0.011350809596478939,0.21731513738632202,0.365643,0.42187,0.441366
0.4317168518900871,0.06194263696670532,-0.09475352615118027,0.028559355065226555,0.16707263886928558,0.007567092776298523,0.13036485016345978,0.365643,0.42187,0.441366
0.5043154857121408,0.8798339068889618,2.3583006858825684,0.02624896727502346,0.6724811792373657,0.012804028578102589,-0.2504906952381134,0.365643,0.42187,0.441366
0.3688705563545227,0.5643035247921944,2.3130576610565186,0.04439203068614006,0.5841221809387207,-0.012149128131568432,-0.19309665262699127,0.365643,0.42187,0.441366
0.3578569144010544,0.27568380534648895,-2.1520586013793945,0.03966449201107025,0.5399359464645386,-0.001299315714277327,0.005359404254704714,0.365643,0.42187,0.441366
0.36127741634845734,0.7047657817602158,-1.4450125694274902,0.023633453994989395,0.515370786190033,-0.005701232235878706,0.02209429070353508,0.365643,0.42187,0.441366
0.6278257369995117,0.584577664732933,0.20055393874645233,0.026939474046230316,0.6706434488296509,-0.004926414228975773,-0.16547243297100067,0.365643,0.42187,0.441366
0.3763735592365265,0.13145077228546143,-1.8858338594436646,0.047488968819379807,0.2389073669910431,0.001737007754854858,-0.16690386831760406,0.365643,0.42187,0.441366
0.37546252459287643,0.16384589672088623,0.021760443225502968,0.019631486386060715,0.48994171619415283,0.007969016209244728,-0.2072696089744568,0.365643,0.42187,0.441366
0.5507073104381561,0.8714463114738464,2.716158151626587,0.05000000074505806,0.3193020522594452,0.018882978707551956,-0.05150401219725609,0.365643,0.42187,0.441366
0.01503261923789978,0.40415147691965103,1.3371516466140747,0.014729860238730907,0.24406644701957703,0.008254988119006157,-0.050146181136369705,0.365643,0.42187,0.441366
0.6810432523488998,0.48583784606307745,1.490674614906311,0.04412706568837166,0.4491589367389679,0.007118016481399536,0.19170483946800232,0.365643,0.42187,0.441366
0.4039466753602028,0.13021352887153625,-1.0472710132598877,0.01292372215539217,0.10052287578582764,0.0038226901087909937,0.07190953940153122,0.365643,0.42187,0.441366
0.2889224588871002,0.16466405987739563,-1.313936471939087,0.024114051833748817,0.19125910103321075,-0.019722718745470047,0.0375964418053627,0.365643,0.42187,0.441366
0.5445905700325966,0.11817872524261475,-0.11091888695955276,0.01721622422337532,0.9661457538604736,0.008781688287854195,-0.06891404837369919,0.365643,0.42187,0.441366
0.6127708032727242,0.3981682136654854,-0.6839219927787781,0.011673033237457275,0.3357502520084381,-0.008055462501943111,0.19845545291900635,0.365643,0.42187,0.441366
0.24317854642868042,0.2616345286369324,-1.5287667512893677,0.04441233351826668,0.6412786245346069,0.0038259574212133884,0.3385726511478424,0.053309,0.429638,0.533179
0.3295891433954239,0.12807941436767578,1.103896975517273,0.018113629892468452,0.9468451738357544,-0.013785838149487972,0.33813750743865967,0.053309,0.429638,0.533179
0.5171311125159264,0.44608360156416893,-1.0862390995025635,0.04715864732861519,0.5064730048179626,0.017445862293243408,-0.2894172668457031,0.053309,0.429638,0.533179
0.5964862331748009,0.12073341012001038,-0.3595588803291321,0.02261641062796116,0.8922030925750732,-0.005051636602729559,0.23643869161605835,0.053309,0.429638,0.533179
0.25822076201438904,0.6324573904275894,-0.054895009845495224,0.011344198137521744,0.7413653135299683,-0.007219820749014616,0.32249215245246887,0.053309,0.429638,0.533179
0.4061639755964279,0.48280781880021095,1.9934136867523193,0.02538163773715496,0.9143930077552795,0.003181321779266,0.1987561583518982,0.053309,0.429638,0.533179
0.37023012340068817,0.9705444276332855,2.532891273498535,0.029889283701777458,0.3322024941444397,0.008343268185853958,0.018612131476402283,0.053309,0.429638,0.533179
0.2639254927635193,0.5902138501405716,2.6446645259857178,0.014980414882302284,0.11191730201244354,0.00790885929018259,-0.07272790372371674,0.053309,0.429638,0.533179
0.30823788046836853,0.9244988858699799,-1.287412405014038,0.04937233030796051,0.1570845991373062,0.019487736746668816,0.21273180842399597,0.053309,0.429638,0.533179
0.981954038143158,0.01188001036643982,-1.592590093612671,0.027286404743790627,0.41417449712753296,0.002783875446766615,-0.108551986515522,0.053309,0.429638,0.533179
0.662915512919426,0.6383441090583801,-1.374826431274414,0.01431631576269865,0.7861649394035339,0.001035884371958673,0.19807274639606476,0.053309,0.429638,0.533179
0.03368830680847168,0.933722972869873,-1.2283947467803955,0.03665361553430557,0.6488445997238159,-0.000691000372171402,0.3084444999694824,0.053309,0.429638,0.533179
0.2642423063516617,0.20566082000732422,-1.3744632005691528,0.01625828444957733,0.7286000847816467,0.009546875953674316,-0.23882758617401123,0.053309,0.429638,0.533179
0.07596173882484436,0.9083409011363983,-0.11098197102546692,0.035856667906045914,0.5965786576271057,-0.014514956623315811,-0.3459029495716095,0.053309,0.429638,0.533179
0.5300891883671284,0.522863844409585,2.115361452102661,0.04888128116726875,0.17769281566143036,-0.019999999552965164,-0.11440680176019669,0.053309,0.429638,0.533179
0.4205916002392769,0.04820936918258667,0.20237953960895538,0.03923439607024193,0.7636093497276306,-0.006307713687419891,0.0674830973148346,0.053309,0.429638,0.533179
0.6460217982530594,0.6235887855291367,2.4448864459991455,0.018115757033228874,0.5367957353591919,-0.012520788237452507,-0.34406012296676636,0.053309,0.429638,0.533179
0.623048722743988,0.09139606356620789,-3.039301872253418,0.019791392609477043,0.6053819060325623,-0.004826873075217009,0.11998149007558823,0.053309,0.429638,0.533179
0.3619122952222824,0.0740671455860138,-0.32022902369499207,0.048976410180330276,0.9971219301223755,0.002478342968970537,-0.31780779361724854,0.053309,0.429638,0.533179
0.7023231536149979,0.29717861115932465,1.9349771738052368,0.04373154416680336,0.84866863489151,-0.013969115912914276,-0.10168754309415817,0.64068,0.148969,0.13696
0.032936543226242065,0.3323267698287964,1.9636744260787964,0.015568426810204983,0.4129624664783478,-0.0021446128375828266,0.31357017159461975,0.64068,0.148969,0.13696
0.030124187469482422,0.35973942279815674,2.2920947074890137,0.03174581751227379,0.8768854737281799,0.010132179595530033,0.08258557319641113,0.64068,0.148969,0.13696
0.03932562470436096,0.375782810151577,-1.881948709487915,0.03390434756875038,0.9514333009719849,-0.006806397344917059,-0.2773424983024597,0.64068,0.148969,0.13696
0.7188453823328018,0.43147967755794525,-1.0888739824295044,0.009999999776482582,0.3510495722293854,-0.003213051473721862,0.02220858447253704,0.64068,0.148969,0.13696
0.7105950564146042,0.3920394778251648,1.6030172109603882,0.03397059068083763,0.7814088463783264,2.739263800322078e-05,-0.17442761361598969,0.64068,0.148969,0.13696
0.7135730236768723,0.21778666973114014,2.4412481784820557,0.04363114386796951,0.6858500242233276,-0.004390175454318523,0.29019486904144287,0.64068,0.148969,0.13696
0.64901964366436,0.38397589325904846,2.81101655960083,0.027433115988969803,0.2809278666973114,0.016537172719836235,0.14297553896903992,0.64068,0.148969,0.13696
0.5788641273975372,0.0737103521823883,0.8458021283149719,0.009999999776482582,0.8654484152793884,0.006613961886614561,-0.34655943512916565,0.0586145,0.236298,0.339882
0.4180375337600708,0.8284659087657928,2.17154860496521,0.04515184462070465,0.5488095283508301,0.0054449038580060005,0.23451688885688782,0.0586145,0.236298,0.339882
0.3042040467262268,0.22963479161262512,0.6690875291824341,0.047151632606983185,0.3754514157772064,0.009678463451564312,-0.1066143736243248,0.0586145,0.236298,0.339882
0.2770921438932419,0.5422989912331104,-2.712158441543579,0.010871931910514832,0.6532330513000488,-0.0010399186285212636,0.00890547689050436,0.0586145,0.236298,0.339882
0.3138557970523834,0.268303245306015,-0.30479565262794495,0.010745125822722912,0.9687421917915344,-0.0017315404256805778,0.11154738813638687,0.0586145,0.236298,0.339882
0.35085393488407135,0.4657348580658436,1.9597325325012207,0.03161631152033806,0.5381006002426147,0.013808580115437508,0.3242117166519165,0.0586145,0.236298,0.339882
0.13002905249595642,0.9646220505237579,3.2475781440734863,0.049488458782434464,0.6047329306602478,0.0034754984080791473,0.33990296721458435,0.0586145,0.236298,0.339882
0.3091338872909546,0.326184019446373,1.5585627555847168,0.038799580186605453,0.13213162124156952,0.014491388574242592,-0.26384755969047546,0.0586145,0.236298,0.339882
0.41004443168640137,0.945921927690506,1.556079387664795,0.039590444415807724,0.3585831820964813,-0.012086044996976852,0.1416267603635788,0.0586145,0.236298,0.339882
0.31345611810684204,0.2973695397377014,2.8031444549560547,0.014052004553377628,0.33577269315719604,0.0027803003322333097,-0.014788158237934113,0.0586145,0.236298,0.339882
0.6893624663352966,0.5922902971506119,-2.9555413722991943,0.01751796528697014,0.10170149058103561,0.006451565772294998,-0.0432613231241703,0.0586145,0.236298,0.339882
0.4125460833311081,0.40529441833496094,-2.08903169631958,0.03829517588019371,0.8425253629684448,-0.011421669274568558,0.0272526815533638,0.0586145,0.236298,0.339882
0.2355155348777771,0.4710105713456869,-2.9456939697265625,0.009999999776482582,0.7788547277450562,-0.007581607438623905,-0.017988296225667,0.0586145,0.236298,0.339882
0.5506735108792782,0.7337819337844849,0.053781721740961075,0.03430786728858948,0.42665204405784607,-0.005549687426537275,-0.005494052544236183,0.0586145,0.236298,0.339882
0.2789730876684189,0.3020859658718109,-1.4573975801467896,0.05000000074505806,0.9769446849822998,-0.0003020154545083642,-0.24645523726940155,0.0586145,0.236298,0.339882
0.6117618680000305,0.4842284768819809,2.4020960330963135,0.04297354444861412,0.461247980594635,-0.017173761501908302,0.2836421728134155,0.0586145,0.236298,0.339882
0.4681204929947853,0.49530369648709893,1.101716160774231,0.01979568600654602,0.9638291597366333,-0.0006846378673799336,0.19883717596530914,0.0586145,0.236298,0.339882
0.5129431765526533,0.46418724954128265,-1.6486119031906128,0.014014082960784435,0.10295133292675018,0.0033580646850168705,0.08318792283535004,0.0586145,0.236298,0.339882
0.28911368548870087,0.19243815541267395,0.599212646484375,0.049600787460803986,0.5674307346343994,0.011112908832728863,0.3240893483161926,0.0586145,0.236298,0.339882
0.27662038803100586,0.3788158670067787,-1.5900598764419556,0.018108079209923744,0.7112563252449036,-0.0019650165922939777,0.013707644306123257,0.0586145,0.236298,0.339882
0.3389124274253845,0.9413721263408661,-1.4671999216079712,0.04638642072677612,0.5840522646903992,0.015613377094268799,0.20197376608848572,0.0586145,0.236298,0.339882
0.4488728642463684,0.9050340354442596,-0.9028562307357788,0.044440943747758865,0.35127875208854675,0.006313940975815058,0.3490658402442932,0.0586145,0.236298,0.339882
0.6160022392868996,0.8271810710430145,2.9719393253326416,0.045971471816301346,0.10000000149011612,-0.006896353326737881,-0.11312364041805267,0.26589,0.129137,0.169924
0.45036599785089493,0.8458223640918732,-3.0191287994384766,0.011137131601572037,0.5894383788108826,0.005284738726913929,0.2158457487821579,0.26589,0.129137,0.169924
0.7049056142568588,0.5663306936621666,1.9226162433624268,0.020754288882017136,0.10116835683584213,-0.006704242900013924,0.26499903202056885,0.26589,0.129137,0.169924
0.6688280701637268,0.1332377791404724,2.748701810836792,0.043102189898490906,0.3911762237548828,-0.0053633530624210835,0.2978150546550751,0.26589,0.129137,0.169924
0.493753076530993,0.6532551795244217,0.3984062969684601,0.03755202889442444,0.10000000149011612,0.012686281464993954,0.17904049158096313,0.26589,0.129137,0.169924
0.7407755553722382,0.49004398565739393,2.2858545780181885,0.009999999776482582,0.5654575824737549,-0.009999999776482582,-0.10549157857894897,0.26589,0.129137,0.169924
0.4833161924034357,0.9471589922904968,-1.0036826133728027,0.039829954504966736,0.1501942127943039,-0.002004089066758752,0.3330884277820587,0.26589,0.129137,0.169924